Donor,Year,Purpose,"Disbursements, Million, constant 2009 US$"
AfDF,2000,HEALTH POLICY & ADMIN. MANAGEMENT,
AfDF,2000,Other Health Purposes,
AfDF,2001,HEALTH POLICY & ADMIN. MANAGEMENT,40.1944503162
AfDF,2001,MDG6,0.4771769285
AfDF,2001,Other Health Purposes,7.0031043352
AfDF,2002,HEALTH POLICY & ADMIN. MANAGEMENT,72.2356715452
AfDF,2002,MDG6,4.6352193564
AfDF,2002,Other Health Purposes,9.1132325511
AfDF,2003,HEALTH POLICY & ADMIN. MANAGEMENT,36.6568940424
AfDF,2003,MDG6,2.4007264008
AfDF,2003,Other Health Purposes,2.2946689951
AfDF,2004,HEALTH POLICY & ADMIN. MANAGEMENT,63.8404968558
AfDF,2004,MDG6,2.0717637483
AfDF,2004,Other Health Purposes,16.2500840609
AfDF,2005,HEALTH POLICY & ADMIN. MANAGEMENT,61.9028023360
AfDF,2005,MDG6,4.4610336849
AfDF,2005,Other Health Purposes,0.0497275677
AfDF,2006,HEALTH POLICY & ADMIN. MANAGEMENT,73.4605642644
AfDF,2006,MDG6,12.9416209746
AfDF,2006,Other Health Purposes,0.0398057612
AfDF,2006,RH & FP,
AfDF,2007,HEALTH POLICY & ADMIN. MANAGEMENT,70.2464144820
AfDF,2007,MDG6,9.2711073671
AfDF,2007,Other Health Purposes,1.3360263681
AfDF,2007,RH & FP,0.7107307142
AfDF,2008,HEALTH POLICY & ADMIN. MANAGEMENT,82.3515448321
AfDF,2008,MDG6,19.3364156469
AfDF,2008,Other Health Purposes,4.5150546873
AfDF,2008,RH & FP,2.5476206339
AfDF,2009,HEALTH POLICY & ADMIN. MANAGEMENT,71.7693557128
AfDF,2009,MDG6,10.5006398640
AfDF,2009,Other Health Purposes,8.5283401662
AfDF,2009,RH & FP,13.5254159044
AfDF,2010,HEALTH POLICY & ADMIN. MANAGEMENT,76.1897489180
AFESD,2008,HEALTH POLICY & ADMIN. MANAGEMENT,1.5736795241
AFESD,2008,MDG6,0.7667063175
AFESD,2008,Other Health Purposes,2.1447138707
AFESD,2009,HEALTH POLICY & ADMIN. MANAGEMENT,0.0842379958
AFESD,2009,MDG6,0.6714613779
AFESD,2009,Other Health Purposes,0.8966283925
AFESD,2010,HEALTH POLICY & ADMIN. MANAGEMENT,0.0000000000
AFESD,2010,MDG6,0.1922844041
AFESD,2010,Other Health Purposes,1.1064616915
AsDB Special Funds,2000,HEALTH POLICY & ADMIN. MANAGEMENT,
AsDB Special Funds,2000,Other Health Purposes,
AsDB Special Funds,2001,HEALTH POLICY & ADMIN. MANAGEMENT,
AsDB Special Funds,2003,HEALTH POLICY & ADMIN. MANAGEMENT,
AsDB Special Funds,2004,HEALTH POLICY & ADMIN. MANAGEMENT,
AsDB Special Funds,2005,HEALTH POLICY & ADMIN. MANAGEMENT,
AsDB Special Funds,2007,Other Health Purposes,
AsDB Special Funds,2008,HEALTH POLICY & ADMIN. MANAGEMENT,
AsDB Special Funds,2010,HEALTH POLICY & ADMIN. MANAGEMENT,38.1429619304
AsDB Special Funds,2010,MDG6,10.7574968779
AsDB Special Funds,2010,Other Health Purposes,173.2324833190
AsDB Special Funds,2010,RH & FP,0.0000000000
Australia,2000,HEALTH POLICY & ADMIN. MANAGEMENT,20.0931340504
Australia,2000,MDG6,24.2539379915
Australia,2000,Other Health Purposes,66.1744187241
Australia,2000,RH & FP,10.0144519765
Australia,2001,HEALTH POLICY & ADMIN. MANAGEMENT,17.5095441151
Australia,2001,MDG6,29.7503863737
Australia,2001,Other Health Purposes,95.8729617928
Australia,2001,RH & FP,11.7740749231
Australia,2002,HEALTH POLICY & ADMIN. MANAGEMENT,20.6976910280
Australia,2002,MDG6,21.4550476005
Australia,2002,Other Health Purposes,98.0659853982
Australia,2002,RH & FP,12.4663941590
Australia,2003,HEALTH POLICY & ADMIN. MANAGEMENT,24.0757940325
Australia,2003,MDG6,31.8730906986
Australia,2003,Other Health Purposes,78.3154004332
Australia,2003,RH & FP,15.3375643741
Australia,2004,HEALTH POLICY & ADMIN. MANAGEMENT,22.5342428391
Australia,2004,MDG6,37.8683934207
Australia,2004,Other Health Purposes,71.5209742803
Australia,2004,RH & FP,8.0968362483
Australia,2005,HEALTH POLICY & ADMIN. MANAGEMENT,26.6330458742
Australia,2005,MDG6,50.0957302003
Australia,2005,Other Health Purposes,60.9792380611
Australia,2005,RH & FP,7.8409834718
Australia,2006,HEALTH POLICY & ADMIN. MANAGEMENT,59.4085166954
Australia,2006,MDG6,73.7140159297
Australia,2006,Other Health Purposes,67.8435628676
Australia,2006,RH & FP,6.5892788550
Australia,2007,HEALTH POLICY & ADMIN. MANAGEMENT,39.8035350473
Australia,2007,MDG6,68.3882183360
Australia,2007,Other Health Purposes,73.1933364993
Australia,2007,RH & FP,0.0286889417
Australia,2008,HEALTH POLICY & ADMIN. MANAGEMENT,46.6304417527
Australia,2008,MDG6,85.5853229614
Australia,2008,Other Health Purposes,59.2612542828
Australia,2008,RH & FP,6.1476571058
Australia,2009,HEALTH POLICY & ADMIN. MANAGEMENT,53.0015044463
Australia,2009,MDG6,80.7419322774
Australia,2009,Other Health Purposes,87.3767241297
Australia,2009,RH & FP,4.7979723481
Australia,2010,HEALTH POLICY & ADMIN. MANAGEMENT,91.1129497661
Australia,2010,MDG6,84.1715064625
Australia,2010,Other Health Purposes,68.0093684685
Australia,2010,RH & FP,24.7597695446
Austria,2000,HEALTH POLICY & ADMIN. MANAGEMENT,1.1245336717
Austria,2000,MDG6,0.1402598905
Austria,2000,Other Health Purposes,3.0568474293
Austria,2000,RH & FP,0.1798833095
Austria,2001,HEALTH POLICY & ADMIN. MANAGEMENT,1.5399338580
Austria,2001,MDG6,1.0296402526
Austria,2001,Other Health Purposes,50.5142915517
Austria,2001,RH & FP,0.0583290917
Austria,2002,HEALTH POLICY & ADMIN. MANAGEMENT,0.1973411106
Austria,2002,MDG6,1.8863945529
Austria,2002,Other Health Purposes,6.1828368418
Austria,2002,RH & FP,0.4630523697
Austria,2003,HEALTH POLICY & ADMIN. MANAGEMENT,0.4116726313
Austria,2003,MDG6,0.9283329183
Austria,2003,Other Health Purposes,6.5124905535
Austria,2003,RH & FP,0.6090696965
Austria,2004,HEALTH POLICY & ADMIN. MANAGEMENT,
Austria,2004,MDG6,1.3966446599
Austria,2004,Other Health Purposes,7.5312911819
Austria,2004,RH & FP,0.7629269713
Austria,2005,HEALTH POLICY & ADMIN. MANAGEMENT,1.2984472633
Austria,2005,MDG6,1.2659611554
Austria,2005,Other Health Purposes,6.1215256272
Austria,2005,RH & FP,0.9097895991
Austria,2006,HEALTH POLICY & ADMIN. MANAGEMENT,2.4460757345
Austria,2006,MDG6,5.0716791612
Austria,2006,Other Health Purposes,8.1933804553
Austria,2006,RH & FP,0.4668710738
Austria,2007,HEALTH POLICY & ADMIN. MANAGEMENT,1.7480535641
Austria,2007,MDG6,4.3049354207
Austria,2007,Other Health Purposes,6.9424238463
Austria,2007,RH & FP,1.6024002429
Austria,2008,HEALTH POLICY & ADMIN. MANAGEMENT,1.6247440883
Austria,2008,MDG6,3.0890232230
Austria,2008,Other Health Purposes,7.9631059339
Austria,2008,RH & FP,1.0031505814
Austria,2009,HEALTH POLICY & ADMIN. MANAGEMENT,1.9239349467
Austria,2009,MDG6,3.3716749137
Austria,2009,Other Health Purposes,5.7140863572
Austria,2009,RH & FP,0.8234307227
Austria,2010,HEALTH POLICY & ADMIN. MANAGEMENT,1.2252118411
Austria,2010,MDG6,1.7434037223
Austria,2010,Other Health Purposes,6.1315062785
Austria,2010,RH & FP,1.1387232214
Belgium,2000,HEALTH POLICY & ADMIN. MANAGEMENT,25.5924940022
Belgium,2000,MDG6,29.5816334131
Belgium,2000,Other Health Purposes,64.7692535285
Belgium,2000,RH & FP,0.1278941770
Belgium,2001,HEALTH POLICY & ADMIN. MANAGEMENT,24.1876400478
Belgium,2001,MDG6,21.2796933303
Belgium,2001,Other Health Purposes,77.2748405558
Belgium,2001,RH & FP,2.1588805777
Belgium,2002,HEALTH POLICY & ADMIN. MANAGEMENT,17.9776627016
Belgium,2002,MDG6,35.7260348425
Belgium,2002,Other Health Purposes,65.2916897260
Belgium,2002,RH & FP,1.9177028711
Belgium,2003,HEALTH POLICY & ADMIN. MANAGEMENT,11.4066802516
Belgium,2003,MDG6,30.5908196035
Belgium,2003,Other Health Purposes,72.9649151049
Belgium,2003,RH & FP,3.8730219477
Belgium,2004,HEALTH POLICY & ADMIN. MANAGEMENT,7.1221307627
Belgium,2004,MDG6,35.9422667232
Belgium,2004,Other Health Purposes,54.5979815727
Belgium,2004,RH & FP,2.6183003259
Belgium,2005,HEALTH POLICY & ADMIN. MANAGEMENT,17.2256145331
Belgium,2005,MDG6,33.7734457687
Belgium,2005,Other Health Purposes,60.9013089633
Belgium,2005,RH & FP,2.3369246727
Belgium,2006,HEALTH POLICY & ADMIN. MANAGEMENT,17.4941411211
Belgium,2006,MDG6,41.6281841218
Belgium,2006,Other Health Purposes,77.3540863238
Belgium,2006,RH & FP,1.4334276940
Belgium,2007,HEALTH POLICY & ADMIN. MANAGEMENT,15.4016116994
Belgium,2007,MDG6,45.8565277308
Belgium,2007,Other Health Purposes,91.3103699899
Belgium,2007,RH & FP,1.0953677729
Belgium,2008,HEALTH POLICY & ADMIN. MANAGEMENT,22.3117707741
Belgium,2008,MDG6,27.8224655692
Belgium,2008,Other Health Purposes,94.9174525177
Belgium,2008,RH & FP,0.2081074345
Belgium,2009,HEALTH POLICY & ADMIN. MANAGEMENT,29.9324302047
Belgium,2009,MDG6,39.0792661886
Belgium,2009,Other Health Purposes,85.7027072135
Belgium,2009,RH & FP,1.8245325721
Belgium,2010,HEALTH POLICY & ADMIN. MANAGEMENT,38.6896379570
Belgium,2010,MDG6,31.4275253772
Belgium,2010,Other Health Purposes,97.7228382095
Belgium,2010,RH & FP,0.4086959473
Canada,2000,HEALTH POLICY & ADMIN. MANAGEMENT,14.7290608985
Canada,2000,MDG6,28.3948707067
Canada,2000,Other Health Purposes,6.9872306379
Canada,2000,RH & FP,18.6521274836
Canada,2001,HEALTH POLICY & ADMIN. MANAGEMENT,10.0001073454
Canada,2001,MDG6,27.3374158597
Canada,2001,Other Health Purposes,23.0451900145
Canada,2001,RH & FP,6.5625375538
Canada,2002,HEALTH POLICY & ADMIN. MANAGEMENT,20.9605039448
Canada,2002,MDG6,46.9117674633
Canada,2002,Other Health Purposes,28.0805639362
Canada,2002,RH & FP,12.8833734266
Canada,2003,HEALTH POLICY & ADMIN. MANAGEMENT,24.7491283043
Canada,2003,MDG6,75.6777124412
Canada,2003,Other Health Purposes,35.0133860077
Canada,2003,RH & FP,10.5719508267
Canada,2004,HEALTH POLICY & ADMIN. MANAGEMENT,22.6518792890
Canada,2004,MDG6,130.5198942589
Canada,2004,Other Health Purposes,43.7093923765
Canada,2004,RH & FP,20.5762871503
Canada,2005,HEALTH POLICY & ADMIN. MANAGEMENT,19.1635451763
Canada,2005,MDG6,256.5305066717
Canada,2005,Other Health Purposes,31.8560249866
Canada,2005,RH & FP,32.0130024601
Canada,2006,HEALTH POLICY & ADMIN. MANAGEMENT,23.3930895112
Canada,2006,MDG6,114.4446034905
Canada,2006,Other Health Purposes,76.2346517624
Canada,2006,RH & FP,8.6290173457
Canada,2007,HEALTH POLICY & ADMIN. MANAGEMENT,39.4944491747
Canada,2007,MDG6,158.8894445430
Canada,2007,Other Health Purposes,178.3429858045
Canada,2007,RH & FP,19.1965628392
Canada,2008,HEALTH POLICY & ADMIN. MANAGEMENT,41.2238854682
Canada,2008,MDG6,144.0400716699
Canada,2008,Other Health Purposes,176.7933278783
Canada,2008,RH & FP,13.7257462055
Canada,2009,HEALTH POLICY & ADMIN. MANAGEMENT,44.0357581069
Canada,2009,MDG6,167.5294215600
Canada,2009,Other Health Purposes,212.6823049956
Canada,2009,RH & FP,14.3856617003
Canada,2010,HEALTH POLICY & ADMIN. MANAGEMENT,28.1918524605
Canada,2010,MDG6,158.2226332625
Canada,2010,Other Health Purposes,200.4300882679
Canada,2010,RH & FP,7.5921723936
Denmark,2000,HEALTH POLICY & ADMIN. MANAGEMENT,10.3377149991
Denmark,2000,MDG6,2.7330767467
Denmark,2000,Other Health Purposes,18.1540416418
Denmark,2000,RH & FP,0.7719463856
Denmark,2001,HEALTH POLICY & ADMIN. MANAGEMENT,11.7158122428
Denmark,2001,MDG6,5.0042659353
Denmark,2001,Other Health Purposes,37.0326327528
Denmark,2001,RH & FP,0.9543555303
Denmark,2002,HEALTH POLICY & ADMIN. MANAGEMENT,
Denmark,2002,MDG6,
Denmark,2002,Other Health Purposes,
Denmark,2002,RH & FP,
Denmark,2003,HEALTH POLICY & ADMIN. MANAGEMENT,17.8454062102
Denmark,2003,MDG6,13.5418153019
Denmark,2003,Other Health Purposes,36.0001470170
Denmark,2003,RH & FP,2.6952643402
Denmark,2004,HEALTH POLICY & ADMIN. MANAGEMENT,17.6970494825
Denmark,2004,MDG6,16.2197240426
Denmark,2004,Other Health Purposes,43.1901909062
Denmark,2004,RH & FP,1.6906057002
Denmark,2005,HEALTH POLICY & ADMIN. MANAGEMENT,14.6086694224
Denmark,2005,MDG6,12.7535809891
Denmark,2005,Other Health Purposes,63.8248505265
Denmark,2005,RH & FP,1.0225886208
Denmark,2006,HEALTH POLICY & ADMIN. MANAGEMENT,21.9187363014
Denmark,2006,MDG6,11.6318186667
Denmark,2006,Other Health Purposes,45.7558811310
Denmark,2006,RH & FP,0.9725712161
Denmark,2007,HEALTH POLICY & ADMIN. MANAGEMENT,18.3883716569
Denmark,2007,MDG6,21.3857478718
Denmark,2007,Other Health Purposes,44.2997721863
Denmark,2007,RH & FP,0.4529740520
Denmark,2008,HEALTH POLICY & ADMIN. MANAGEMENT,31.0607708742
Denmark,2008,MDG6,18.4986851740
Denmark,2008,Other Health Purposes,35.8234261654
Denmark,2008,RH & FP,1.5479756863
Denmark,2009,HEALTH POLICY & ADMIN. MANAGEMENT,35.9579163939
Denmark,2009,MDG6,36.3074908819
Denmark,2009,Other Health Purposes,57.0913681848
Denmark,2009,RH & FP,1.5844010100
Denmark,2010,HEALTH POLICY & ADMIN. MANAGEMENT,57.4198029418
Denmark,2010,MDG6,45.9408298436
Denmark,2010,Other Health Purposes,60.6127283693
Denmark,2010,RH & FP,9.4358684041
EU Institutions,2000,HEALTH POLICY & ADMIN. MANAGEMENT,46.0620019226
EU Institutions,2000,MDG6,7.7535060312
EU Institutions,2000,Other Health Purposes,29.2146098079
EU Institutions,2000,RH & FP,0.4940877901
EU Institutions,2001,HEALTH POLICY & ADMIN. MANAGEMENT,43.0854182227
EU Institutions,2001,MDG6,43.4095646907
EU Institutions,2001,Other Health Purposes,39.6159108009
EU Institutions,2001,RH & FP,0.5114672913
EU Institutions,2002,HEALTH POLICY & ADMIN. MANAGEMENT,62.4841600507
EU Institutions,2002,MDG6,16.8831898716
EU Institutions,2002,Other Health Purposes,42.5724457613
EU Institutions,2002,RH & FP,0.3636770276
EU Institutions,2003,HEALTH POLICY & ADMIN. MANAGEMENT,57.0255712205
EU Institutions,2003,MDG6,17.2380507399
EU Institutions,2003,Other Health Purposes,36.4292977910
EU Institutions,2003,RH & FP,19.8871010161
EU Institutions,2004,HEALTH POLICY & ADMIN. MANAGEMENT,128.6438207363
EU Institutions,2004,MDG6,36.4242664610
EU Institutions,2004,Other Health Purposes,74.9998634101
EU Institutions,2004,RH & FP,2.4218391709
EU Institutions,2005,HEALTH POLICY & ADMIN. MANAGEMENT,191.7104995236
EU Institutions,2005,MDG6,103.4882287735
EU Institutions,2005,Other Health Purposes,174.7263728912
EU Institutions,2005,RH & FP,37.3103007418
EU Institutions,2006,HEALTH POLICY & ADMIN. MANAGEMENT,221.6457738845
EU Institutions,2006,MDG6,122.8774174621
EU Institutions,2006,Other Health Purposes,288.4141664611
EU Institutions,2006,RH & FP,78.0308422786
EU Institutions,2007,HEALTH POLICY & ADMIN. MANAGEMENT,91.6401600626
EU Institutions,2007,MDG6,291.5208913935
EU Institutions,2007,Other Health Purposes,264.4616511508
EU Institutions,2007,RH & FP,48.0412295527
EU Institutions,2008,HEALTH POLICY & ADMIN. MANAGEMENT,243.1586031868
EU Institutions,2008,MDG6,189.7648985268
EU Institutions,2008,Other Health Purposes,241.8718948017
EU Institutions,2008,RH & FP,39.0794314943
EU Institutions,2009,HEALTH POLICY & ADMIN. MANAGEMENT,127.6627360813
EU Institutions,2009,MDG6,59.6126238407
EU Institutions,2009,Other Health Purposes,368.2441444785
EU Institutions,2009,RH & FP,17.3764754630
EU Institutions,2010,HEALTH POLICY & ADMIN. MANAGEMENT,188.3502967797
EU Institutions,2010,MDG6,57.1424222129
EU Institutions,2010,Other Health Purposes,250.4305135325
EU Institutions,2010,RH & FP,23.3127490199
Finland,2000,HEALTH POLICY & ADMIN. MANAGEMENT,9.2611321972
Finland,2000,MDG6,0.7567757898
Finland,2000,Other Health Purposes,4.5747319305
Finland,2000,RH & FP,1.8121202060
Finland,2001,HEALTH POLICY & ADMIN. MANAGEMENT,13.1162750358
Finland,2001,MDG6,1.9799829262
Finland,2001,Other Health Purposes,10.6107363798
Finland,2001,RH & FP,2.3007040728
Finland,2002,HEALTH POLICY & ADMIN. MANAGEMENT,13.8650331266
Finland,2002,MDG6,1.0764174528
Finland,2002,Other Health Purposes,9.2294212112
Finland,2002,RH & FP,1.5765559364
Finland,2003,HEALTH POLICY & ADMIN. MANAGEMENT,16.7689100992
Finland,2003,MDG6,1.5224189237
Finland,2003,Other Health Purposes,8.8314624881
Finland,2003,RH & FP,2.2668531228
Finland,2004,HEALTH POLICY & ADMIN. MANAGEMENT,
Finland,2004,MDG6,
Finland,2004,Other Health Purposes,
Finland,2004,RH & FP,
Finland,2005,HEALTH POLICY & ADMIN. MANAGEMENT,
Finland,2005,MDG6,
Finland,2005,Other Health Purposes,
Finland,2005,RH & FP,
Finland,2006,HEALTH POLICY & ADMIN. MANAGEMENT,17.1838762956
Finland,2006,MDG6,9.2444376449
Finland,2006,Other Health Purposes,13.4446226444
Finland,2006,RH & FP,4.2329610463
Finland,2007,HEALTH POLICY & ADMIN. MANAGEMENT,14.0334602747
Finland,2007,MDG6,5.8950060854
Finland,2007,Other Health Purposes,16.9499753102
Finland,2007,RH & FP,5.2674472188
Finland,2008,HEALTH POLICY & ADMIN. MANAGEMENT,15.3331824222
Finland,2008,MDG6,6.8449711564
Finland,2008,Other Health Purposes,14.8927399123
Finland,2008,RH & FP,8.0148233673
Finland,2009,HEALTH POLICY & ADMIN. MANAGEMENT,16.4214892773
Finland,2009,MDG6,2.6136463597
Finland,2009,Other Health Purposes,13.2320556651
Finland,2009,RH & FP,3.7645897729
Finland,2010,HEALTH POLICY & ADMIN. MANAGEMENT,17.4578517950
Finland,2010,MDG6,2.7926317427
Finland,2010,Other Health Purposes,11.7310705225
Finland,2010,RH & FP,6.2088732667
France,2000,HEALTH POLICY & ADMIN. MANAGEMENT,34.8299961190
France,2000,MDG6,11.0083571882
France,2000,Other Health Purposes,27.6173577562
France,2000,RH & FP,0.6975003070
France,2001,HEALTH POLICY & ADMIN. MANAGEMENT,202.8059645742
France,2001,MDG6,10.3234725353
France,2001,Other Health Purposes,18.2391665623
France,2001,RH & FP,0.9399784840
France,2002,HEALTH POLICY & ADMIN. MANAGEMENT,192.4580924067
France,2002,MDG6,7.5807891390
France,2002,Other Health Purposes,21.3116382024
France,2002,RH & FP,0.7748980525
France,2003,HEALTH POLICY & ADMIN. MANAGEMENT,225.5382182048
France,2003,MDG6,7.4027807671
France,2003,Other Health Purposes,12.8345324562
France,2003,RH & FP,0.4653215081
France,2004,HEALTH POLICY & ADMIN. MANAGEMENT,51.5494082302
France,2004,MDG6,8.1262433616
France,2004,Other Health Purposes,234.5801208566
France,2004,RH & FP,0.5309656192
France,2005,HEALTH POLICY & ADMIN. MANAGEMENT,50.8856813389
France,2005,MDG6,14.3906106024
France,2005,Other Health Purposes,239.2264423917
France,2006,HEALTH POLICY & ADMIN. MANAGEMENT,16.4222577040
France,2006,MDG6,19.4875430859
France,2006,Other Health Purposes,287.9985895975
France,2007,HEALTH POLICY & ADMIN. MANAGEMENT,26.4559322654
France,2007,MDG6,14.0883825927
France,2007,Other Health Purposes,62.0219215406
France,2007,RH & FP,0.0832223496
France,2008,HEALTH POLICY & ADMIN. MANAGEMENT,45.0382840088
France,2008,MDG6,21.0899337089
France,2008,Other Health Purposes,273.5029137537
France,2009,HEALTH POLICY & ADMIN. MANAGEMENT,55.2234725936
France,2009,MDG6,61.4845015900
France,2009,Other Health Purposes,227.6991875547
France,2010,HEALTH POLICY & ADMIN. MANAGEMENT,65.4435517000
France,2010,MDG6,61.8807341505
France,2010,Other Health Purposes,312.6890099653
France,2010,RH & FP,3.8823983343
GAVI,2007,HEALTH POLICY & ADMIN. MANAGEMENT,42.4766302969
GAVI,2007,MDG6,471.6092022155
GAVI,2007,Other Health Purposes,428.4869109768
GAVI,2008,HEALTH POLICY & ADMIN. MANAGEMENT,34.3624026559
GAVI,2008,MDG6,67.2898938890
GAVI,2008,Other Health Purposes,606.6740002391
GAVI,2009,HEALTH POLICY & ADMIN. MANAGEMENT,22.2335000000
GAVI,2009,MDG6,83.9705300000
GAVI,2009,Other Health Purposes,367.3021400000
GAVI,2010,HEALTH POLICY & ADMIN. MANAGEMENT,13.7161635602
GAVI,2010,MDG6,100.2884243241
GAVI,2010,Other Health Purposes,590.2253317509
GEF,2008,HEALTH POLICY & ADMIN. MANAGEMENT,-0.0028257070
GEF,2008,Other Health Purposes,0.5901939154
Germany,2000,HEALTH POLICY & ADMIN. MANAGEMENT,11.6408744895
Germany,2000,MDG6,9.3702902927
Germany,2000,Other Health Purposes,28.0259009912
Germany,2000,RH & FP,40.8886109824
Germany,2001,HEALTH POLICY & ADMIN. MANAGEMENT,34.0102759356
Germany,2001,MDG6,30.1259577764
Germany,2001,Other Health Purposes,71.9934588172
Germany,2001,RH & FP,83.0001645978
Germany,2002,HEALTH POLICY & ADMIN. MANAGEMENT,9.2358915411
Germany,2002,MDG6,23.4352690248
Germany,2002,Other Health Purposes,68.2490560284
Germany,2002,RH & FP,55.7436498873
Germany,2003,HEALTH POLICY & ADMIN. MANAGEMENT,27.9055463527
Germany,2003,MDG6,43.5871821077
Germany,2003,Other Health Purposes,95.8993451633
Germany,2003,RH & FP,68.1541125865
Germany,2004,HEALTH POLICY & ADMIN. MANAGEMENT,30.8275698030
Germany,2004,MDG6,42.7160746172
Germany,2004,Other Health Purposes,157.7927313188
Germany,2004,RH & FP,42.6512808468
Germany,2005,HEALTH POLICY & ADMIN. MANAGEMENT,22.4195746897
Germany,2005,MDG6,77.2467164629
Germany,2005,Other Health Purposes,111.6641054419
Germany,2005,RH & FP,38.0207017940
Germany,2006,HEALTH POLICY & ADMIN. MANAGEMENT,31.2988483826
Germany,2006,MDG6,95.3492078500
Germany,2006,Other Health Purposes,120.2612675263
Germany,2006,RH & FP,40.2323589171
Germany,2007,HEALTH POLICY & ADMIN. MANAGEMENT,54.4566782512
Germany,2007,MDG6,159.4593279009
Germany,2007,Other Health Purposes,109.3037704142
Germany,2007,RH & FP,41.6039970126
Germany,2008,HEALTH POLICY & ADMIN. MANAGEMENT,61.3387464936
Germany,2008,MDG6,169.6290203100
Germany,2008,Other Health Purposes,128.3195262496
Germany,2008,RH & FP,37.7704518947
Germany,2009,HEALTH POLICY & ADMIN. MANAGEMENT,65.2915998000
Germany,2009,MDG6,158.7205759600
Germany,2009,Other Health Purposes,136.9803787000
Germany,2009,RH & FP,63.6316389200
Germany,2010,HEALTH POLICY & ADMIN. MANAGEMENT,75.9107997956
Germany,2010,MDG6,177.6408195255
Germany,2010,Other Health Purposes,194.5063660666
Germany,2010,RH & FP,47.7121978500
Global Fund,2003,MDG6,275.4615245806
Global Fund,2004,MDG6,677.5776664040
Global Fund,2004,Other Health Purposes,1.9632844597
Global Fund,2005,MDG6,1131.1732265154
Global Fund,2005,Other Health Purposes,9.8231190665
Global Fund,2006,MDG6,1379.1507727169
Global Fund,2006,Other Health Purposes,8.2369232012
Global Fund,2007,MDG6,1660.8165494101
Global Fund,2007,Other Health Purposes,3.7747071586
Global Fund,2008,MDG6,2084.3225933902
Global Fund,2008,Other Health Purposes,27.7417537575
Global Fund,2009,MDG6,2283.1572400000
Global Fund,2009,Other Health Purposes,53.6870600000
Global Fund,2010,MDG6,2995.2034397691
Global Fund,2010,Other Health Purposes,7.0188127727
Greece,2002,HEALTH POLICY & ADMIN. MANAGEMENT,0.3509290251
Greece,2002,MDG6,0.3180176987
Greece,2002,Other Health Purposes,5.5921740132
Greece,2002,RH & FP,0.2463785333
Greece,2003,HEALTH POLICY & ADMIN. MANAGEMENT,0.7388391875
Greece,2003,MDG6,9.2845948942
Greece,2003,Other Health Purposes,7.2087528648
Greece,2003,RH & FP,0.0492548513
Greece,2004,HEALTH POLICY & ADMIN. MANAGEMENT,0.2391077054
Greece,2004,MDG6,10.1482092345
Greece,2004,Other Health Purposes,18.1637552660
Greece,2005,HEALTH POLICY & ADMIN. MANAGEMENT,0.3172580504
Greece,2005,MDG6,0.6142663004
Greece,2005,Other Health Purposes,34.0507170891
Greece,2006,HEALTH POLICY & ADMIN. MANAGEMENT,0.0751980582
Greece,2006,MDG6,9.6225390415
Greece,2006,Other Health Purposes,28.4270317015
Greece,2007,HEALTH POLICY & ADMIN. MANAGEMENT,0.0438104806
Greece,2007,MDG6,6.4664853477
Greece,2007,Other Health Purposes,29.7494586470
Greece,2008,MDG6,6.0389812133
Greece,2008,Other Health Purposes,7.2374361930
Greece,2009,HEALTH POLICY & ADMIN. MANAGEMENT,1.1832335329
Greece,2009,MDG6,8.9244673444
Greece,2009,Other Health Purposes,11.3422782342
Greece,2010,HEALTH POLICY & ADMIN. MANAGEMENT,2.5241987510
Greece,2010,Other Health Purposes,3.7848287665
IDA,2000,HEALTH POLICY & ADMIN. MANAGEMENT,582.0841743542
IDA,2000,MDG6,236.3762426326
IDA,2000,Other Health Purposes,51.0779608800
IDA,2000,RH & FP,123.3414868799
IDA,2001,HEALTH POLICY & ADMIN. MANAGEMENT,836.7643767315
IDA,2001,MDG6,243.3516389524
IDA,2001,Other Health Purposes,91.6849290840
IDA,2001,RH & FP,143.3481905418
IDA,2002,HEALTH POLICY & ADMIN. MANAGEMENT,864.5434483638
IDA,2002,MDG6,277.0040226495
IDA,2002,Other Health Purposes,91.0675980065
IDA,2002,RH & FP,128.9903187893
IDA,2003,HEALTH POLICY & ADMIN. MANAGEMENT,594.0518860099
IDA,2003,MDG6,261.4631502366
IDA,2003,Other Health Purposes,62.1794295908
IDA,2003,RH & FP,104.0155562772
IDA,2004,HEALTH POLICY & ADMIN. MANAGEMENT,836.4871415274
IDA,2004,MDG6,350.2759069986
IDA,2004,Other Health Purposes,78.5540755372
IDA,2004,RH & FP,125.2297180775
IDA,2005,HEALTH POLICY & ADMIN. MANAGEMENT,653.4139916580
IDA,2005,MDG6,373.8845209459
IDA,2005,Other Health Purposes,118.0723650557
IDA,2005,RH & FP,185.2984684709
IDA,2006,HEALTH POLICY & ADMIN. MANAGEMENT,493.4037110021
IDA,2006,MDG6,358.7769453728
IDA,2006,Other Health Purposes,188.2887190775
IDA,2006,RH & FP,101.8080816331
IDA,2007,HEALTH POLICY & ADMIN. MANAGEMENT,368.1345597827
IDA,2007,MDG6,350.2089764846
IDA,2007,Other Health Purposes,127.2859525606
IDA,2007,RH & FP,74.4855262314
IDA,2008,HEALTH POLICY & ADMIN. MANAGEMENT,255.7286835863
IDA,2008,MDG6,256.1291223210
IDA,2008,Other Health Purposes,169.6196149204
IDA,2008,RH & FP,54.4692079309
IDA,2009,HEALTH POLICY & ADMIN. MANAGEMENT,324.4676129915
IDA,2009,MDG6,404.6439673717
IDA,2009,Other Health Purposes,174.7706601255
IDA,2009,RH & FP,93.6266624749
IDA,2010,HEALTH POLICY & ADMIN. MANAGEMENT,296.3136661080
IDA,2010,MDG6,313.7321262950
IDA,2010,Other Health Purposes,252.2564264326
IDA,2010,RH & FP,62.4176302686
IDB Sp.Fund,2001,HEALTH POLICY & ADMIN. MANAGEMENT,
IDB Sp.Fund,2003,HEALTH POLICY & ADMIN. MANAGEMENT,
IDB Sp.Fund,2005,HEALTH POLICY & ADMIN. MANAGEMENT,
IDB Sp.Fund,2005,Other Health Purposes,
IDB Sp.Fund,2005,RH & FP,
IDB Sp.Fund,2007,HEALTH POLICY & ADMIN. MANAGEMENT,
IDB Sp.Fund,2009,HEALTH POLICY & ADMIN. MANAGEMENT,21.7912096600
IDB Sp.Fund,2009,MDG6,0.0515787800
IDB Sp.Fund,2009,Other Health Purposes,0.3628218800
IDB Sp.Fund,2009,RH & FP,0.0092619100
IDB Sp.Fund,2010,HEALTH POLICY & ADMIN. MANAGEMENT,11.3214789047
IDB Sp.Fund,2010,Other Health Purposes,8.2987561280
IDB Sp.Fund,2010,RH & FP,0.0456064276
IFAD,2003,HEALTH POLICY & ADMIN. MANAGEMENT,
IFAD,2003,Other Health Purposes,
IFAD,2005,Other Health Purposes,
IFAD,2008,HEALTH POLICY & ADMIN. MANAGEMENT,
IFAD,2008,Other Health Purposes,
Ireland,2000,HEALTH POLICY & ADMIN. MANAGEMENT,
Ireland,2000,MDG6,
Ireland,2000,Other Health Purposes,2.9925453546
Ireland,2000,RH & FP,
Ireland,2001,HEALTH POLICY & ADMIN. MANAGEMENT,
Ireland,2001,MDG6,
Ireland,2001,Other Health Purposes,4.1360736817
Ireland,2002,HEALTH POLICY & ADMIN. MANAGEMENT,15.3586275544
Ireland,2002,MDG6,47.4169983384
Ireland,2002,Other Health Purposes,38.0640217448
Ireland,2003,HEALTH POLICY & ADMIN. MANAGEMENT,46.3676104550
Ireland,2003,MDG6,25.2090373021
Ireland,2003,Other Health Purposes,43.1074952519
Ireland,2004,HEALTH POLICY & ADMIN. MANAGEMENT,31.5856064087
Ireland,2004,MDG6,35.2964718047
Ireland,2004,Other Health Purposes,45.5935706092
Ireland,2004,RH & FP,0.0944940800
Ireland,2005,HEALTH POLICY & ADMIN. MANAGEMENT,37.7710925733
Ireland,2005,MDG6,27.4624628380
Ireland,2005,Other Health Purposes,51.5957576709
Ireland,2005,RH & FP,0.1011058811
Ireland,2006,HEALTH POLICY & ADMIN. MANAGEMENT,35.6987043546
Ireland,2006,MDG6,93.1017776086
Ireland,2006,Other Health Purposes,35.9894426865
Ireland,2006,RH & FP,0.2547187341
Ireland,2007,HEALTH POLICY & ADMIN. MANAGEMENT,44.2495164158
Ireland,2007,MDG6,98.1064351725
Ireland,2007,Other Health Purposes,30.5171793021
Ireland,2007,RH & FP,0.1846470890
Ireland,2008,HEALTH POLICY & ADMIN. MANAGEMENT,26.5107817093
Ireland,2008,MDG6,73.2230555313
Ireland,2008,Other Health Purposes,41.3084913656
Ireland,2008,RH & FP,0.2504154809
Ireland,2009,HEALTH POLICY & ADMIN. MANAGEMENT,36.9835228102
Ireland,2009,MDG6,47.1870721348
Ireland,2009,Other Health Purposes,39.2725631110
Ireland,2009,RH & FP,0.2917323493
Ireland,2010,HEALTH POLICY & ADMIN. MANAGEMENT,37.3638504099
Ireland,2010,MDG6,33.1372639775
Ireland,2010,Other Health Purposes,34.6085441863
Ireland,2010,RH & FP,0.4504030210
Isl.Dev Bank,2010,MDG6,
Isl.Dev Bank,2010,Other Health Purposes,
Isl.Dev Bank,2010,RH & FP,
Italy,2000,HEALTH POLICY & ADMIN. MANAGEMENT,
Italy,2000,MDG6,
Italy,2000,Other Health Purposes,0.0000000000
Italy,2000,RH & FP,0.0000000000
Italy,2001,HEALTH POLICY & ADMIN. MANAGEMENT,
Italy,2001,MDG6,
Italy,2001,Other Health Purposes,0.0000000000
Italy,2001,RH & FP,0.0000000000
Italy,2002,HEALTH POLICY & ADMIN. MANAGEMENT,13.6096434623
Italy,2002,MDG6,0.4043497876
Italy,2002,Other Health Purposes,0.8901191664
Italy,2002,RH & FP,0.0000000000
Italy,2003,HEALTH POLICY & ADMIN. MANAGEMENT,0.0639724600
Italy,2003,MDG6,4.0990513647
Italy,2003,Other Health Purposes,57.6180595140
Italy,2003,RH & FP,0.5969909963
Italy,2004,HEALTH POLICY & ADMIN. MANAGEMENT,11.5678431905
Italy,2004,MDG6,5.3191163128
Italy,2004,Other Health Purposes,45.9541402406
Italy,2004,RH & FP,1.0102826708
Italy,2005,HEALTH POLICY & ADMIN. MANAGEMENT,12.8121642625
Italy,2005,MDG6,12.0977684191
Italy,2005,Other Health Purposes,54.2854599198
Italy,2005,RH & FP,0.9095197919
Italy,2006,HEALTH POLICY & ADMIN. MANAGEMENT,42.5962343872
Italy,2006,MDG6,3.2795140575
Italy,2006,Other Health Purposes,39.5663340297
Italy,2006,RH & FP,0.6486099470
Italy,2007,HEALTH POLICY & ADMIN. MANAGEMENT,12.4983890523
Italy,2007,MDG6,13.9754003378
Italy,2007,Other Health Purposes,87.1476666502
Italy,2007,RH & FP,0.6515935251
Italy,2008,HEALTH POLICY & ADMIN. MANAGEMENT,23.8985320870
Italy,2008,MDG6,15.4083551063
Italy,2008,Other Health Purposes,77.2821781704
Italy,2008,RH & FP,2.2394221664
Italy,2009,HEALTH POLICY & ADMIN. MANAGEMENT,9.0922384487
Italy,2009,MDG6,14.5161188553
Italy,2009,Other Health Purposes,77.7045779752
Italy,2009,RH & FP,0.9539636262
Italy,2010,HEALTH POLICY & ADMIN. MANAGEMENT,17.6276169735
Italy,2010,MDG6,8.3040724890
Italy,2010,Other Health Purposes,57.6860514989
Italy,2010,RH & FP,4.3747570826
Japan,2000,HEALTH POLICY & ADMIN. MANAGEMENT,1.5195819509
Japan,2000,MDG6,19.6771344337
Japan,2000,Other Health Purposes,223.6398761564
Japan,2000,RH & FP,3.3198510137
Japan,2001,HEALTH POLICY & ADMIN. MANAGEMENT,
Japan,2001,MDG6,31.1424621180
Japan,2001,Other Health Purposes,153.6054416926
Japan,2001,RH & FP,3.3513914551
Japan,2002,HEALTH POLICY & ADMIN. MANAGEMENT,
Japan,2002,MDG6,18.5528145087
Japan,2002,Other Health Purposes,126.2268206004
Japan,2002,RH & FP,1.9309259735
Japan,2003,HEALTH POLICY & ADMIN. MANAGEMENT,160.5668065383
Japan,2003,MDG6,27.5670878841
Japan,2003,Other Health Purposes,136.0322601596
Japan,2003,RH & FP,0.9880212609
Japan,2004,HEALTH POLICY & ADMIN. MANAGEMENT,140.9377257063
Japan,2004,MDG6,26.1673699484
Japan,2004,Other Health Purposes,122.8355555750
Japan,2004,RH & FP,2.5263692928
Japan,2005,HEALTH POLICY & ADMIN. MANAGEMENT,120.5028683423
Japan,2005,MDG6,48.8736838434
Japan,2005,Other Health Purposes,131.3188413612
Japan,2006,HEALTH POLICY & ADMIN. MANAGEMENT,197.4586193332
Japan,2006,MDG6,74.9496076379
Japan,2006,Other Health Purposes,156.0339626872
Japan,2006,RH & FP,1.5344587201
Japan,2007,HEALTH POLICY & ADMIN. MANAGEMENT,160.3665851356
Japan,2007,MDG6,95.3699753806
Japan,2007,Other Health Purposes,218.2970856845
Japan,2007,RH & FP,17.0680281257
Japan,2008,HEALTH POLICY & ADMIN. MANAGEMENT,137.8173823107
Japan,2008,MDG6,81.1757832186
Japan,2008,Other Health Purposes,146.2052375772
Japan,2008,RH & FP,16.2991091931
Japan,2009,HEALTH POLICY & ADMIN. MANAGEMENT,94.2067130621
Japan,2009,MDG6,80.1599092934
Japan,2009,Other Health Purposes,144.2979216304
Japan,2009,RH & FP,39.6188044111
Japan,2010,HEALTH POLICY & ADMIN. MANAGEMENT,99.9626079216
Japan,2010,MDG6,69.3149408770
Japan,2010,Other Health Purposes,177.5806586924
Japan,2010,RH & FP,27.6199488540
Korea,2006,HEALTH POLICY & ADMIN. MANAGEMENT,1.9201717712
Korea,2006,MDG6,1.9796315435
Korea,2006,Other Health Purposes,28.9487718324
Korea,2006,RH & FP,0.2191874292
Korea,2007,HEALTH POLICY & ADMIN. MANAGEMENT,1.3927582244
Korea,2007,MDG6,2.6828130211
Korea,2007,Other Health Purposes,35.1900928433
Korea,2007,RH & FP,1.0117428110
Korea,2008,HEALTH POLICY & ADMIN. MANAGEMENT,8.0689090789
Korea,2008,MDG6,3.8785354513
Korea,2008,Other Health Purposes,40.7272248905
Korea,2008,RH & FP,5.7675178106
Korea,2009,HEALTH POLICY & ADMIN. MANAGEMENT,8.3543350000
Korea,2009,MDG6,5.8127220000
Korea,2009,Other Health Purposes,83.2575350000
Korea,2009,RH & FP,2.3900590000
Korea,2010,HEALTH POLICY & ADMIN. MANAGEMENT,7.9055414123
Korea,2010,MDG6,8.4895088487
Korea,2010,Other Health Purposes,104.8204961690
Korea,2010,RH & FP,2.6780789115
Kuwait,2010,HEALTH POLICY & ADMIN. MANAGEMENT,
Kuwait,2010,MDG6,0.0579661964
Kuwait,2010,Other Health Purposes,32.9493049110
Luxembourg,2001,HEALTH POLICY & ADMIN. MANAGEMENT,
Luxembourg,2001,MDG6,
Luxembourg,2001,Other Health Purposes,
Luxembourg,2002,HEALTH POLICY & ADMIN. MANAGEMENT,
Luxembourg,2002,MDG6,
Luxembourg,2002,Other Health Purposes,
Luxembourg,2003,HEALTH POLICY & ADMIN. MANAGEMENT,
Luxembourg,2003,MDG6,
Luxembourg,2003,Other Health Purposes,
Luxembourg,2003,RH & FP,
Luxembourg,2004,HEALTH POLICY & ADMIN. MANAGEMENT,4.6912126804
Luxembourg,2004,MDG6,10.3478522231
Luxembourg,2004,Other Health Purposes,23.6465143616
Luxembourg,2004,RH & FP,1.1139012859
Luxembourg,2005,HEALTH POLICY & ADMIN. MANAGEMENT,8.0569251438
Luxembourg,2005,MDG6,11.8908530917
Luxembourg,2005,Other Health Purposes,26.2096804614
Luxembourg,2005,RH & FP,3.4594257362
Luxembourg,2006,HEALTH POLICY & ADMIN. MANAGEMENT,12.0714136392
Luxembourg,2006,MDG6,9.4031722110
Luxembourg,2006,Other Health Purposes,27.0675773704
Luxembourg,2006,RH & FP,2.3169420237
Luxembourg,2007,HEALTH POLICY & ADMIN. MANAGEMENT,7.2505207674
Luxembourg,2007,MDG6,11.7519196872
Luxembourg,2007,Other Health Purposes,30.8152689925
Luxembourg,2007,RH & FP,7.3783615686
Luxembourg,2008,HEALTH POLICY & ADMIN. MANAGEMENT,5.9520057524
Luxembourg,2008,MDG6,12.7325016734
Luxembourg,2008,Other Health Purposes,27.9844664916
Luxembourg,2008,RH & FP,8.0711413515
Luxembourg,2009,HEALTH POLICY & ADMIN. MANAGEMENT,6.6591966996
Luxembourg,2009,MDG6,11.8991386019
Luxembourg,2009,Other Health Purposes,25.6581527782
Luxembourg,2009,RH & FP,2.6455640719
Luxembourg,2010,HEALTH POLICY & ADMIN. MANAGEMENT,11.4631584305
Luxembourg,2010,MDG6,12.6628600111
Luxembourg,2010,Other Health Purposes,30.2709829628
Luxembourg,2010,RH & FP,6.5250767852
Netherlands,2000,HEALTH POLICY & ADMIN. MANAGEMENT,
Netherlands,2000,MDG6,
Netherlands,2000,Other Health Purposes,
Netherlands,2000,RH & FP,
Netherlands,2001,HEALTH POLICY & ADMIN. MANAGEMENT,35.8344411717
Netherlands,2001,MDG6,84.5366677068
Netherlands,2001,Other Health Purposes,94.9471419882
Netherlands,2001,RH & FP,17.9099552115
Netherlands,2002,HEALTH POLICY & ADMIN. MANAGEMENT,58.1388848174
Netherlands,2002,MDG6,111.7511222157
Netherlands,2002,Other Health Purposes,75.8862661275
Netherlands,2002,RH & FP,12.0264826997
Netherlands,2003,HEALTH POLICY & ADMIN. MANAGEMENT,83.9392225892
Netherlands,2003,MDG6,107.0456323582
Netherlands,2003,Other Health Purposes,69.6479099924
Netherlands,2003,RH & FP,33.2521915941
Netherlands,2004,HEALTH POLICY & ADMIN. MANAGEMENT,83.6940661993
Netherlands,2004,MDG6,116.9262359213
Netherlands,2004,Other Health Purposes,53.8511818722
Netherlands,2004,RH & FP,30.0663430034
Netherlands,2005,HEALTH POLICY & ADMIN. MANAGEMENT,71.0635130623
Netherlands,2005,MDG6,89.2578136427
Netherlands,2005,Other Health Purposes,69.1967310642
Netherlands,2005,RH & FP,18.1397093714
Netherlands,2006,HEALTH POLICY & ADMIN. MANAGEMENT,82.0671151926
Netherlands,2006,MDG6,78.3266923401
Netherlands,2006,Other Health Purposes,84.4670803298
Netherlands,2006,RH & FP,42.9102122539
Netherlands,2007,HEALTH POLICY & ADMIN. MANAGEMENT,83.5268005120
Netherlands,2007,MDG6,71.9337495751
Netherlands,2007,Other Health Purposes,122.2048441056
Netherlands,2007,RH & FP,40.8581786495
Netherlands,2008,HEALTH POLICY & ADMIN. MANAGEMENT,29.6508792122
Netherlands,2008,MDG6,71.2209106174
Netherlands,2008,Other Health Purposes,167.2334650079
Netherlands,2008,RH & FP,91.0810232445
Netherlands,2009,HEALTH POLICY & ADMIN. MANAGEMENT,25.8320800000
Netherlands,2009,MDG6,83.6598700000
Netherlands,2009,Other Health Purposes,130.5661100000
Netherlands,2009,RH & FP,117.9067100000
Netherlands,2010,HEALTH POLICY & ADMIN. MANAGEMENT,33.9461505511
Netherlands,2010,MDG6,59.8006552557
Netherlands,2010,Other Health Purposes,123.3987874288
Netherlands,2010,RH & FP,102.3118527326
New Zealand,2002,HEALTH POLICY & ADMIN. MANAGEMENT,0.8675074520
New Zealand,2002,MDG6,0.8735739377
New Zealand,2002,Other Health Purposes,3.4343892047
New Zealand,2002,RH & FP,0.3215237410
New Zealand,2003,HEALTH POLICY & ADMIN. MANAGEMENT,0.6771562254
New Zealand,2003,MDG6,3.1861560028
New Zealand,2003,Other Health Purposes,6.1738279800
New Zealand,2003,RH & FP,0.2457538470
New Zealand,2004,HEALTH POLICY & ADMIN. MANAGEMENT,1.7039640384
New Zealand,2004,MDG6,0.8964643053
New Zealand,2004,Other Health Purposes,6.1700429808
New Zealand,2004,RH & FP,2.1029444851
New Zealand,2005,HEALTH POLICY & ADMIN. MANAGEMENT,1.4969335089
New Zealand,2005,MDG6,3.2942362357
New Zealand,2005,Other Health Purposes,9.2356516536
New Zealand,2005,RH & FP,1.9769628198
New Zealand,2006,HEALTH POLICY & ADMIN. MANAGEMENT,3.9839752236
New Zealand,2006,MDG6,6.2658100123
New Zealand,2006,Other Health Purposes,6.8051903679
New Zealand,2006,RH & FP,1.7028669022
New Zealand,2007,HEALTH POLICY & ADMIN. MANAGEMENT,0.4384543440
New Zealand,2007,MDG6,4.4361635682
New Zealand,2007,Other Health Purposes,5.0437725022
New Zealand,2007,RH & FP,1.1518521986
New Zealand,2008,HEALTH POLICY & ADMIN. MANAGEMENT,2.5563911490
New Zealand,2008,MDG6,3.5673104469
New Zealand,2008,Other Health Purposes,10.4786010146
New Zealand,2008,RH & FP,0.9952731035
New Zealand,2009,HEALTH POLICY & ADMIN. MANAGEMENT,2.8718376345
New Zealand,2009,MDG6,4.2176616025
New Zealand,2009,Other Health Purposes,6.7840374719
New Zealand,2009,RH & FP,3.7604802477
New Zealand,2010,HEALTH POLICY & ADMIN. MANAGEMENT,6.4307637201
New Zealand,2010,MDG6,3.2456345216
New Zealand,2010,Other Health Purposes,10.0211054139
New Zealand,2010,RH & FP,2.5502047372
Norway,2000,HEALTH POLICY & ADMIN. MANAGEMENT,
Norway,2000,MDG6,
Norway,2000,Other Health Purposes,
Norway,2000,RH & FP,
Norway,2001,HEALTH POLICY & ADMIN. MANAGEMENT,10.1137758265
Norway,2001,MDG6,25.9062040231
Norway,2001,Other Health Purposes,28.4081738240
Norway,2001,RH & FP,0.8164845735
Norway,2002,HEALTH POLICY & ADMIN. MANAGEMENT,30.6471001721
Norway,2002,MDG6,48.3215359054
Norway,2002,Other Health Purposes,69.2214263497
Norway,2002,RH & FP,3.0091776319
Norway,2003,HEALTH POLICY & ADMIN. MANAGEMENT,28.4104767299
Norway,2003,MDG6,39.5841158280
Norway,2003,Other Health Purposes,45.3566791972
Norway,2003,RH & FP,3.2190097079
Norway,2004,HEALTH POLICY & ADMIN. MANAGEMENT,35.0319541477
Norway,2004,MDG6,45.0824900571
Norway,2004,Other Health Purposes,67.3854751162
Norway,2004,RH & FP,10.2604946251
Norway,2005,HEALTH POLICY & ADMIN. MANAGEMENT,102.7154428233
Norway,2005,MDG6,54.7747586529
Norway,2005,Other Health Purposes,74.7134992027
Norway,2005,RH & FP,8.4656908549
Norway,2006,HEALTH POLICY & ADMIN. MANAGEMENT,103.0522238362
Norway,2006,MDG6,60.9959715656
Norway,2006,Other Health Purposes,90.9777074459
Norway,2006,RH & FP,9.4356954183
Norway,2007,HEALTH POLICY & ADMIN. MANAGEMENT,31.6177057597
Norway,2007,MDG6,91.6639934425
Norway,2007,Other Health Purposes,77.5052394824
Norway,2007,RH & FP,7.9225687738
Norway,2008,HEALTH POLICY & ADMIN. MANAGEMENT,25.9862514843
Norway,2008,MDG6,87.1091315843
Norway,2008,Other Health Purposes,101.8097292770
Norway,2008,RH & FP,5.3625116478
Norway,2009,HEALTH POLICY & ADMIN. MANAGEMENT,25.0640421445
Norway,2009,MDG6,107.5842423707
Norway,2009,Other Health Purposes,111.7163577345
Norway,2009,RH & FP,16.5277132709
Norway,2010,HEALTH POLICY & ADMIN. MANAGEMENT,24.2812424028
Norway,2010,MDG6,65.4037603981
Norway,2010,Other Health Purposes,66.3076184812
Norway,2010,RH & FP,26.7493475993
OFID,2009,MDG6,0.0832299200
OFID,2009,Other Health Purposes,17.8139147400
OFID,2010,MDG6,7.1103371630
OFID,2010,Other Health Purposes,16.6942123850
Portugal,2000,HEALTH POLICY & ADMIN. MANAGEMENT,
Portugal,2000,Other Health Purposes,0.3402488897
Portugal,2001,HEALTH POLICY & ADMIN. MANAGEMENT,2.7785383155
Portugal,2001,MDG6,0.0489730555
Portugal,2001,Other Health Purposes,11.7951815115
Portugal,2002,HEALTH POLICY & ADMIN. MANAGEMENT,3.5740233110
Portugal,2002,Other Health Purposes,9.3450216613
Portugal,2003,HEALTH POLICY & ADMIN. MANAGEMENT,2.0692176113
Portugal,2003,MDG6,0.0015660268
Portugal,2003,Other Health Purposes,9.1808898400
Portugal,2004,HEALTH POLICY & ADMIN. MANAGEMENT,2.9231369540
Portugal,2004,MDG6,0.2898563680
Portugal,2004,Other Health Purposes,8.9808853650
Portugal,2004,RH & FP,0.0553723731
Portugal,2005,HEALTH POLICY & ADMIN. MANAGEMENT,1.0725824255
Portugal,2005,MDG6,0.1594582568
Portugal,2005,Other Health Purposes,10.9574900245
Portugal,2006,HEALTH POLICY & ADMIN. MANAGEMENT,0.2698793739
Portugal,2006,MDG6,0.5428090262
Portugal,2006,Other Health Purposes,11.3004131608
Portugal,2007,HEALTH POLICY & ADMIN. MANAGEMENT,0.3959580337
Portugal,2007,MDG6,0.3238545075
Portugal,2007,Other Health Purposes,10.8785296640
Portugal,2008,HEALTH POLICY & ADMIN. MANAGEMENT,0.7851301351
Portugal,2008,MDG6,0.4312025454
Portugal,2008,Other Health Purposes,6.7208188748
Portugal,2008,RH & FP,0.0113685214
Portugal,2009,HEALTH POLICY & ADMIN. MANAGEMENT,0.4252290767
Portugal,2009,MDG6,0.2734229216
Portugal,2009,Other Health Purposes,8.4977231583
Portugal,2009,RH & FP,0.1200236736
Portugal,2010,HEALTH POLICY & ADMIN. MANAGEMENT,0.3979137896
Portugal,2010,MDG6,0.8386056254
Portugal,2010,Other Health Purposes,11.4335712729
Portugal,2010,RH & FP,0.2066039974
Spain,2000,HEALTH POLICY & ADMIN. MANAGEMENT,4.7246412528
Spain,2000,MDG6,12.3047597987
Spain,2000,Other Health Purposes,194.1853158680
Spain,2000,RH & FP,6.1610321704
Spain,2001,HEALTH POLICY & ADMIN. MANAGEMENT,5.6022781930
Spain,2001,MDG6,12.0192275228
Spain,2001,Other Health Purposes,156.3764229182
Spain,2001,RH & FP,7.9461156076
Spain,2002,HEALTH POLICY & ADMIN. MANAGEMENT,5.4661207363
Spain,2002,MDG6,14.4787824828
Spain,2002,Other Health Purposes,85.4904613671
Spain,2002,RH & FP,8.1862289341
Spain,2003,HEALTH POLICY & ADMIN. MANAGEMENT,7.9360031509
Spain,2003,MDG6,16.9492538025
Spain,2003,Other Health Purposes,100.8297082150
Spain,2003,RH & FP,8.3030689518
Spain,2004,HEALTH POLICY & ADMIN. MANAGEMENT,15.9670988867
Spain,2004,MDG6,17.8981269216
Spain,2004,Other Health Purposes,107.7252868328
Spain,2004,RH & FP,8.0770968547
Spain,2005,HEALTH POLICY & ADMIN. MANAGEMENT,11.3170394268
Spain,2005,MDG6,31.0647467573
Spain,2005,Other Health Purposes,123.6669441665
Spain,2005,RH & FP,14.8578145611
Spain,2006,HEALTH POLICY & ADMIN. MANAGEMENT,15.1995642031
Spain,2006,MDG6,52.4424314282
Spain,2006,Other Health Purposes,83.3523793758
Spain,2006,RH & FP,21.4731160447
Spain,2007,HEALTH POLICY & ADMIN. MANAGEMENT,22.8938462748
Spain,2007,MDG6,36.2353240784
Spain,2007,Other Health Purposes,159.6688573647
Spain,2007,RH & FP,28.3244062237
Spain,2008,HEALTH POLICY & ADMIN. MANAGEMENT,68.4596184785
Spain,2008,MDG6,46.7309256419
Spain,2008,Other Health Purposes,209.1863428470
Spain,2008,RH & FP,59.9384533008
Spain,2009,HEALTH POLICY & ADMIN. MANAGEMENT,96.0326943559
Spain,2009,MDG6,44.9381985911
Spain,2009,Other Health Purposes,132.5513148956
Spain,2009,RH & FP,62.5277565882
Spain,2010,HEALTH POLICY & ADMIN. MANAGEMENT,60.2898065158
Spain,2010,MDG6,22.3220244352
Spain,2010,Other Health Purposes,125.1270663127
Spain,2010,RH & FP,53.8926396696
Sweden,2000,HEALTH POLICY & ADMIN. MANAGEMENT,27.9985254516
Sweden,2000,MDG6,10.4820892637
Sweden,2000,Other Health Purposes,20.4238837779
Sweden,2000,RH & FP,13.4568030861
Sweden,2001,HEALTH POLICY & ADMIN. MANAGEMENT,39.0663289838
Sweden,2001,MDG6,17.1311256501
Sweden,2001,Other Health Purposes,40.1939956256
Sweden,2001,RH & FP,30.2394941465
Sweden,2002,HEALTH POLICY & ADMIN. MANAGEMENT,31.1821992253
Sweden,2002,MDG6,29.8880118605
Sweden,2002,Other Health Purposes,31.0423233119
Sweden,2002,RH & FP,13.1106483116
Sweden,2003,HEALTH POLICY & ADMIN. MANAGEMENT,29.9907567487
Sweden,2003,MDG6,36.3891033776
Sweden,2003,Other Health Purposes,36.7946334214
Sweden,2003,RH & FP,11.7210933333
Sweden,2004,HEALTH POLICY & ADMIN. MANAGEMENT,32.1828894789
Sweden,2004,MDG6,48.8557600378
Sweden,2004,Other Health Purposes,54.1252995055
Sweden,2004,RH & FP,25.6137008487
Sweden,2005,HEALTH POLICY & ADMIN. MANAGEMENT,46.5676307693
Sweden,2005,MDG6,57.3951985254
Sweden,2005,Other Health Purposes,65.7398418670
Sweden,2005,RH & FP,36.6974320916
Sweden,2006,HEALTH POLICY & ADMIN. MANAGEMENT,33.2851624554
Sweden,2006,MDG6,92.9650142837
Sweden,2006,Other Health Purposes,104.5804237680
Sweden,2006,RH & FP,30.6544441849
Sweden,2007,HEALTH POLICY & ADMIN. MANAGEMENT,30.1604884456
Sweden,2007,MDG6,89.2998672231
Sweden,2007,Other Health Purposes,117.4619776906
Sweden,2007,RH & FP,29.1941792817
Sweden,2008,HEALTH POLICY & ADMIN. MANAGEMENT,18.7660155762
Sweden,2008,MDG6,68.6593021671
Sweden,2008,Other Health Purposes,109.6470950963
Sweden,2008,RH & FP,26.4679641184
Sweden,2009,HEALTH POLICY & ADMIN. MANAGEMENT,22.9351883009
Sweden,2009,MDG6,71.1790855848
Sweden,2009,Other Health Purposes,91.7059066848
Sweden,2009,RH & FP,26.6317737743
Sweden,2010,HEALTH POLICY & ADMIN. MANAGEMENT,12.0903999606
Sweden,2010,MDG6,74.0354678390
Sweden,2010,Other Health Purposes,64.4225609987
Sweden,2010,RH & FP,32.0578328866
Switzerland,2000,HEALTH POLICY & ADMIN. MANAGEMENT,
Switzerland,2000,MDG6,
Switzerland,2000,Other Health Purposes,
Switzerland,2001,HEALTH POLICY & ADMIN. MANAGEMENT,
Switzerland,2001,MDG6,
Switzerland,2001,Other Health Purposes,
Switzerland,2001,RH & FP,
Switzerland,2002,HEALTH POLICY & ADMIN. MANAGEMENT,3.8396941909
Switzerland,2002,MDG6,2.5123924953
Switzerland,2002,Other Health Purposes,44.5846287654
Switzerland,2002,RH & FP,1.3706709760
Switzerland,2003,HEALTH POLICY & ADMIN. MANAGEMENT,6.2243190717
Switzerland,2003,MDG6,1.5438468289
Switzerland,2003,Other Health Purposes,43.0689326555
Switzerland,2003,RH & FP,1.1364150655
Switzerland,2004,HEALTH POLICY & ADMIN. MANAGEMENT,6.7053280987
Switzerland,2004,MDG6,4.6102233618
Switzerland,2004,Other Health Purposes,39.8665664393
Switzerland,2004,RH & FP,1.0823052906
Switzerland,2005,HEALTH POLICY & ADMIN. MANAGEMENT,26.9391241082
Switzerland,2005,MDG6,5.3134347514
Switzerland,2005,Other Health Purposes,25.1180551884
Switzerland,2006,HEALTH POLICY & ADMIN. MANAGEMENT,25.6350668495
Switzerland,2006,MDG6,3.0515622832
Switzerland,2006,Other Health Purposes,24.3133710835
Switzerland,2007,HEALTH POLICY & ADMIN. MANAGEMENT,22.1118126490
Switzerland,2007,MDG6,3.0342109982
Switzerland,2007,Other Health Purposes,24.5941765219
Switzerland,2008,HEALTH POLICY & ADMIN. MANAGEMENT,23.1590062875
Switzerland,2008,MDG6,3.2445923238
Switzerland,2008,Other Health Purposes,31.2283915879
Switzerland,2008,RH & FP,0.0878917225
Switzerland,2009,HEALTH POLICY & ADMIN. MANAGEMENT,23.3363963465
Switzerland,2009,MDG6,3.6771667128
Switzerland,2009,Other Health Purposes,37.4052956915
Switzerland,2009,RH & FP,1.4127373374
Switzerland,2010,HEALTH POLICY & ADMIN. MANAGEMENT,16.4915455817
Switzerland,2010,MDG6,6.3838508491
Switzerland,2010,Other Health Purposes,25.8208558715
Switzerland,2010,RH & FP,6.5153182952
UNAIDS,2001,MDG6,129.8240495103
UNAIDS,2002,MDG6,92.4761838461
UNAIDS,2003,MDG6,161.7697019734
UNAIDS,2004,MDG6,158.4208436261
UNAIDS,2005,MDG6,139.0333749769
UNAIDS,2006,MDG6,199.3804295120
UNAIDS,2007,MDG6,135.7559925079
UNAIDS,2008,MDG6,137.7071181791
UNAIDS,2009,MDG6,175.6818700000
UNAIDS,2010,MDG6,162.4540111496
UNDP,2004,HEALTH POLICY & ADMIN. MANAGEMENT,0.7342308676
UNDP,2004,MDG6,16.8078242478
UNDP,2004,Other Health Purposes,0.6694502870
UNDP,2005,HEALTH POLICY & ADMIN. MANAGEMENT,0.2178413700
UNDP,2005,MDG6,19.9624928413
UNDP,2005,Other Health Purposes,0.4458005940
UNDP,2005,RH & FP,0.0364035117
UNDP,2006,HEALTH POLICY & ADMIN. MANAGEMENT,0.5768595838
UNDP,2006,MDG6,22.3255859993
UNDP,2006,Other Health Purposes,0.4834402432
UNDP,2006,RH & FP,0.0230398059
UNDP,2007,HEALTH POLICY & ADMIN. MANAGEMENT,0.2835206406
UNDP,2007,MDG6,14.4331607646
UNDP,2007,Other Health Purposes,0.2756781253
UNDP,2007,RH & FP,0.0001751446
UNDP,2008,HEALTH POLICY & ADMIN. MANAGEMENT,1.0552427671
UNDP,2008,MDG6,13.3760935342
UNDP,2008,Other Health Purposes,0.3701002907
UNDP,2009,HEALTH POLICY & ADMIN. MANAGEMENT,0.5603300000
UNDP,2009,MDG6,18.7521600000
UNDP,2009,Other Health Purposes,10.0699400000
UNDP,2010,HEALTH POLICY & ADMIN. MANAGEMENT,0.1008300669
UNDP,2010,MDG6,15.1841631608
UNDP,2010,Other Health Purposes,6.3017804031
UNDP,2010,RH & FP,0.0266456190
UNECE,2008,HEALTH POLICY & ADMIN. MANAGEMENT,0.3117089231
UNECE,2009,HEALTH POLICY & ADMIN. MANAGEMENT,0.1787000000
UNECE,2010,HEALTH POLICY & ADMIN. MANAGEMENT,0.1048059263
UNFPA,2001,HEALTH POLICY & ADMIN. MANAGEMENT,38.8925424322
UNFPA,2001,MDG6,3.6399428837
UNFPA,2001,RH & FP,261.7622432385
UNFPA,2002,HEALTH POLICY & ADMIN. MANAGEMENT,86.7450077177
UNFPA,2002,MDG6,8.0578697644
UNFPA,2002,RH & FP,281.6278197836
UNFPA,2003,HEALTH POLICY & ADMIN. MANAGEMENT,149.8415000255
UNFPA,2003,MDG6,21.5648016183
UNFPA,2003,RH & FP,288.9511142857
UNFPA,2004,HEALTH POLICY & ADMIN. MANAGEMENT,87.5453474547
UNFPA,2004,MDG6,6.1340085123
UNFPA,2004,RH & FP,135.0541981271
UNFPA,2005,HEALTH POLICY & ADMIN. MANAGEMENT,91.5873511011
UNFPA,2005,MDG6,7.5555177240
UNFPA,2005,RH & FP,132.3118357211
UNFPA,2006,HEALTH POLICY & ADMIN. MANAGEMENT,99.6287264584
UNFPA,2006,MDG6,8.4222034934
UNFPA,2006,RH & FP,128.2320788789
UNFPA,2007,HEALTH POLICY & ADMIN. MANAGEMENT,92.2946888268
UNFPA,2007,MDG6,9.6681935297
UNFPA,2007,RH & FP,120.5816491772
UNFPA,2008,HEALTH POLICY & ADMIN. MANAGEMENT,117.7568439122
UNFPA,2008,MDG6,15.0195164215
UNFPA,2008,RH & FP,134.8183106361
UNFPA,2009,HEALTH POLICY & ADMIN. MANAGEMENT,178.0386000000
UNFPA,2009,MDG6,16.2925100000
UNFPA,2009,RH & FP,154.1779400000
UNFPA,2010,HEALTH POLICY & ADMIN. MANAGEMENT,400.9356441587
UNFPA,2010,MDG6,36.7890056008
UNFPA,2010,RH & FP,369.4808314320
UNICEF,2000,HEALTH POLICY & ADMIN. MANAGEMENT,35.6378150129
UNICEF,2000,MDG6,29.4552510064
UNICEF,2000,Other Health Purposes,108.0604120349
UNICEF,2000,RH & FP,15.9881993266
UNICEF,2001,HEALTH POLICY & ADMIN. MANAGEMENT,40.5838959356
UNICEF,2001,MDG6,32.7839188979
UNICEF,2001,Other Health Purposes,126.1460470346
UNICEF,2001,RH & FP,10.4265185995
UNICEF,2002,HEALTH POLICY & ADMIN. MANAGEMENT,28.2556055301
UNICEF,2002,MDG6,23.1081639401
UNICEF,2002,Other Health Purposes,118.3392123280
UNICEF,2002,RH & FP,13.0504502804
UNICEF,2003,HEALTH POLICY & ADMIN. MANAGEMENT,28.4506849059
UNICEF,2003,MDG6,25.1780812256
UNICEF,2003,Other Health Purposes,103.4697988197
UNICEF,2003,RH & FP,12.9080538241
UNICEF,2004,HEALTH POLICY & ADMIN. MANAGEMENT,28.0971716620
UNICEF,2004,MDG6,22.0688397795
UNICEF,2004,Other Health Purposes,104.7438034834
UNICEF,2004,RH & FP,12.9652641018
UNICEF,2005,HEALTH POLICY & ADMIN. MANAGEMENT,32.7099108854
UNICEF,2005,MDG6,28.8631229779
UNICEF,2005,Other Health Purposes,121.3061795034
UNICEF,2005,RH & FP,16.9952131001
UNICEF,2006,HEALTH POLICY & ADMIN. MANAGEMENT,3.3503895320
UNICEF,2006,MDG6,75.9406362164
UNICEF,2006,Other Health Purposes,58.0057101187
UNICEF,2006,RH & FP,17.4233573907
UNICEF,2007,HEALTH POLICY & ADMIN. MANAGEMENT,3.5229195417
UNICEF,2007,MDG6,96.6874166080
UNICEF,2007,Other Health Purposes,28.8982752354
UNICEF,2007,RH & FP,18.4932972134
UNICEF,2008,HEALTH POLICY & ADMIN. MANAGEMENT,3.8568848925
UNICEF,2008,MDG6,80.3114587779
UNICEF,2008,Other Health Purposes,32.3940264549
UNICEF,2008,RH & FP,13.5645025061
UNICEF,2009,HEALTH POLICY & ADMIN. MANAGEMENT,6.8270800000
UNICEF,2009,MDG6,38.3914200000
UNICEF,2009,Other Health Purposes,126.4654100000
UNICEF,2009,RH & FP,11.9118800000
UNICEF,2010,HEALTH POLICY & ADMIN. MANAGEMENT,6.7888979815
UNICEF,2010,MDG6,34.2547174306
UNICEF,2010,Other Health Purposes,124.1007468264
UNICEF,2010,RH & FP,16.9276132808
United Arab Emirates,2009,MDG6,1.1800000000
United Arab Emirates,2009,Other Health Purposes,101.5480000000
United Arab Emirates,2010,HEALTH POLICY & ADMIN. MANAGEMENT,0.2240457485
United Arab Emirates,2010,MDG6,7.3681796528
United Arab Emirates,2010,Other Health Purposes,33.2667556493
United Kingdom,2000,HEALTH POLICY & ADMIN. MANAGEMENT,53.8768440744
United Kingdom,2000,MDG6,105.2819668459
United Kingdom,2000,Other Health Purposes,37.9383677558
United Kingdom,2000,RH & FP,44.9016271336
United Kingdom,2001,HEALTH POLICY & ADMIN. MANAGEMENT,83.9754076073
United Kingdom,2001,MDG6,79.6485039300
United Kingdom,2001,Other Health Purposes,54.2373239520
United Kingdom,2001,RH & FP,62.3909112284
United Kingdom,2002,HEALTH POLICY & ADMIN. MANAGEMENT,94.8872670301
United Kingdom,2002,MDG6,184.7397071001
United Kingdom,2002,Other Health Purposes,174.9593038018
United Kingdom,2002,RH & FP,65.2232161184
United Kingdom,2003,HEALTH POLICY & ADMIN. MANAGEMENT,109.7435524122
United Kingdom,2003,MDG6,175.9463526680
United Kingdom,2003,Other Health Purposes,63.1683996315
United Kingdom,2003,RH & FP,70.0573580894
United Kingdom,2004,HEALTH POLICY & ADMIN. MANAGEMENT,106.2945054354
United Kingdom,2004,MDG6,215.5643505756
United Kingdom,2004,Other Health Purposes,62.9271455864
United Kingdom,2004,RH & FP,52.2941913190
United Kingdom,2005,HEALTH POLICY & ADMIN. MANAGEMENT,136.8796404512
United Kingdom,2005,MDG6,356.0604948605
United Kingdom,2005,Other Health Purposes,51.4992706648
United Kingdom,2005,RH & FP,72.7054635863
United Kingdom,2006,HEALTH POLICY & ADMIN. MANAGEMENT,170.4684127968
United Kingdom,2006,MDG6,480.3315707963
United Kingdom,2006,Other Health Purposes,98.9636509843
United Kingdom,2006,RH & FP,53.1492467935
United Kingdom,2007,HEALTH POLICY & ADMIN. MANAGEMENT,214.0658087258
United Kingdom,2007,MDG6,449.8347668089
United Kingdom,2007,Other Health Purposes,165.7514671908
United Kingdom,2007,RH & FP,66.2710406606
United Kingdom,2008,HEALTH POLICY & ADMIN. MANAGEMENT,218.2950896586
United Kingdom,2008,MDG6,390.3932146458
United Kingdom,2008,Other Health Purposes,104.3808446315
United Kingdom,2008,RH & FP,164.9281865275
United Kingdom,2009,HEALTH POLICY & ADMIN. MANAGEMENT,186.3749765698
United Kingdom,2009,MDG6,625.7810840362
United Kingdom,2009,Other Health Purposes,148.9711652609
United Kingdom,2009,RH & FP,127.4373164636
United Kingdom,2010,HEALTH POLICY & ADMIN. MANAGEMENT,193.0476658333
United Kingdom,2010,MDG6,559.2945468989
United Kingdom,2010,Other Health Purposes,226.0588848100
United Kingdom,2010,RH & FP,209.8484582910
United States,2000,HEALTH POLICY & ADMIN. MANAGEMENT,
United States,2000,MDG6,
United States,2000,Other Health Purposes,
United States,2000,RH & FP,
United States,2001,HEALTH POLICY & ADMIN. MANAGEMENT,
United States,2001,MDG6,
United States,2001,Other Health Purposes,
United States,2001,RH & FP,
United States,2002,HEALTH POLICY & ADMIN. MANAGEMENT,211.1739928170
United States,2002,MDG6,886.8891216769
United States,2002,Other Health Purposes,390.8631707356
United States,2002,RH & FP,175.3470603192
United States,2003,HEALTH POLICY & ADMIN. MANAGEMENT,377.6980254657
United States,2003,MDG6,1185.7589319501
United States,2003,Other Health Purposes,506.5720523450
United States,2003,RH & FP,247.8653120694
United States,2004,HEALTH POLICY & ADMIN. MANAGEMENT,537.6079478072
United States,2004,MDG6,1316.3580589704
United States,2004,Other Health Purposes,383.8116566952
United States,2004,RH & FP,88.3279483582
United States,2005,HEALTH POLICY & ADMIN. MANAGEMENT,265.1637974122
United States,2005,MDG6,1977.7664477435
United States,2005,Other Health Purposes,888.5280903996
United States,2005,RH & FP,253.3977396563
United States,2006,HEALTH POLICY & ADMIN. MANAGEMENT,260.3595934573
United States,2006,MDG6,2546.5100085190
United States,2006,Other Health Purposes,757.3017358017
United States,2006,RH & FP,239.6568555696
United States,2007,HEALTH POLICY & ADMIN. MANAGEMENT,234.7532062893
United States,2007,MDG6,3180.3728513667
United States,2007,Other Health Purposes,621.8141674733
United States,2007,RH & FP,311.5468355060
United States,2008,HEALTH POLICY & ADMIN. MANAGEMENT,114.5233749264
United States,2008,MDG6,4359.0380963542
United States,2008,Other Health Purposes,350.9438221136
United States,2008,RH & FP,544.2470411224
United States,2009,HEALTH POLICY & ADMIN. MANAGEMENT,60.1371950000
United States,2009,MDG6,4945.4964550000
United States,2009,Other Health Purposes,205.6719710000
United States,2009,RH & FP,868.6660680000
United States,2010,HEALTH POLICY & ADMIN. MANAGEMENT,28.4733770167
United States,2010,MDG6,5242.3184665830
United States,2010,Other Health Purposes,154.4152531751
United States,2010,RH & FP,886.0375839987
UNPBF,2009,Other Health Purposes,0.3750580000
UNPBF,2010,Other Health Purposes,0.5003972719
UNRWA,2005,Other Health Purposes,72.8456962071
UNRWA,2006,Other Health Purposes,77.2205873800
UNRWA,2007,Other Health Purposes,81.3043018624
UNRWA,2008,Other Health Purposes,82.6904307802
UNRWA,2009,Other Health Purposes,87.5163459170
UNRWA,2010,Other Health Purposes,97.5418600843
WFP,2009,MDG6,10.5960391000
WFP,2009,Other Health Purposes,29.7002421000
WFP,2010,MDG6,6.3396817525
WFP,2010,Other Health Purposes,27.9662732944
WHO,2009,HEALTH POLICY & ADMIN. MANAGEMENT,195.8747684300
WHO,2009,MDG6,91.9213554100
WHO,2009,Other Health Purposes,110.7930209900
WHO,2009,RH & FP,19.9067705600
WHO,2010,HEALTH POLICY & ADMIN. MANAGEMENT,174.0873340453
WHO,2010,MDG6,63.0466953988
WHO,2010,Other Health Purposes,99.1374878416
WHO,2010,RH & FP,17.8598927037
