Donor,Year,WHO Region,"Disbursements, Million, constant 2009 US$"
AfDF,2000,Afr,
AfDF,2001,Afr, 43.58 
AfDF,2001,Emr, 4.10 
AfDF,2002,Multicount, 3.77 
AfDF,2002,Afr, 78.64 
AfDF,2002,Emr, 3.57 
AfDF,2003,Multicount, 1.51 
AfDF,2003,Afr, 39.43 
AfDF,2003,Emr, 0.42 
AfDF,2004,Multicount, 0.87 
AfDF,2004,Afr, 71.09 
AfDF,2004,Emr, 10.20 
AfDF,2005,Multicount, 2.19 
AfDF,2005,Afr, 64.17 
AfDF,2005,Emr, 0.05 
AfDF,2006,Multicount, 5.69 
AfDF,2006,Afr, 80.71 
AfDF,2006,Emr, 0.04 
AfDF,2007,Multicount, 3.65 
AfDF,2007,Afr, 77.59 
AfDF,2007,Emr, 0.33 
AfDF,2008,Multicount, 7.54 
AfDF,2008,Afr, 86.92 
AfDF,2008,Emr, 14.29 
AfDF,2009,Multicount, 14.08 
AfDF,2009,Afr, 89.02 
AfDF,2009,Emr, 1.22 
AfDF,2010,Multicount, 10.62 
AfDF,2010,Afr, 64.64 
AfDF,2010,Emr, 0.92 
AFESD,2008,Multicount, 0.89 
AFESD,2008,Afr, 0.65 
AFESD,2008,Emr, 2.95 
AFESD,2009,Multicount, 0.67 
AFESD,2009,Not UN, 0.08 
AFESD,2009,Afr, 0.42 
AFESD,2009,Emr, 0.48 
AFESD,2010,Multicount, 0.19 
AFESD,2010,Not UN, -   
AFESD,2010,Emr, 1.11 
AsDB Special Funds,2000,Emr,
AsDB Special Funds,2000,Sear,
AsDB Special Funds,2000,Wpr,
AsDB Special Funds,2001,Sear,
AsDB Special Funds,2001,Wpr,
AsDB Special Funds,2003,Emr,
AsDB Special Funds,2003,Wpr,
AsDB Special Funds,2004,Eur,
AsDB Special Funds,2004,Sear,
AsDB Special Funds,2004,Wpr,
AsDB Special Funds,2005,Eur,
AsDB Special Funds,2005,Sear,
AsDB Special Funds,2005,Wpr,
AsDB Special Funds,2007,Sear,
AsDB Special Funds,2008,Wpr,
AsDB Special Funds,2010,Multicount, 1.57 
AsDB Special Funds,2010,Emr, 149.55 
AsDB Special Funds,2010,Eur, 0.00 
AsDB Special Funds,2010,Sear, 34.92 
AsDB Special Funds,2010,Wpr, 36.08 
Australia,2000,Multicount, 7.74 
Australia,2000,Not UN, 0.87 
Australia,2000,Afr, 4.57 
Australia,2000,Amr,
Australia,2000,Emr, 1.64 
Australia,2000,Sear, 18.31 
Australia,2000,Wpr, 87.40 
Australia,2001,Multicount, 9.52 
Australia,2001,Not UN, 0.10 
Australia,2001,Afr, 0.72 
Australia,2001,Emr, 1.93 
Australia,2001,Sear, 27.12 
Australia,2001,Wpr, 115.52 
Australia,2002,Multicount, 5.76 
Australia,2002,Not UN, 0.13 
Australia,2002,Afr, 3.34 
Australia,2002,Sear, 15.85 
Australia,2002,Wpr, 127.60 
Australia,2003,Multicount, 8.09 
Australia,2003,Not UN, 1.86 
Australia,2003,Afr, 1.18 
Australia,2003,Emr, 1.49 
Australia,2003,Sear, 29.49 
Australia,2003,Wpr, 107.49 
Australia,2004,Multicount, 10.62 
Australia,2004,Not UN,
Australia,2004,Afr, 0.10 
Australia,2004,Amr,
Australia,2004,Emr, 1.67 
Australia,2004,Sear, 34.35 
Australia,2004,Wpr, 93.28 
Australia,2005,Multicount, 19.84 
Australia,2005,Not UN, 0.21 
Australia,2005,Afr, 0.00 
Australia,2005,Emr, 1.43 
Australia,2005,Eur,
Australia,2005,Sear, 30.02 
Australia,2005,Wpr, 94.05 
Australia,2006,Multicount, 52.58 
Australia,2006,Afr, 0.05 
Australia,2006,Emr, 6.86 
Australia,2006,Sear, 53.85 
Australia,2006,Wpr, 94.22 
Australia,2007,Multicount, 37.09 
Australia,2007,Not UN, 0.42 
Australia,2007,Afr, 0.86 
Australia,2007,Emr, 5.74 
Australia,2007,Sear, 55.58 
Australia,2007,Wpr, 81.72 
Australia,2008,Multicount, 59.94 
Australia,2008,Not UN, -   
Australia,2008,Afr, 1.57 
Australia,2008,Emr, 7.02 
Australia,2008,Sear, 44.48 
Australia,2008,Wpr, 84.62 
Australia,2009,Multicount, 54.11 
Australia,2009,Not UN, 0.18 
Australia,2009,Afr, 10.32 
Australia,2009,Amr, 0.05 
Australia,2009,Emr, 18.52 
Australia,2009,Eur, 0.00 
Australia,2009,Sear, 48.90 
Australia,2009,Wpr, 93.82 
Australia,2010,Multicount, 60.95 
Australia,2010,Not UN, 0.00 
Australia,2010,Afr, 3.62 
Australia,2010,Amr, 0.39 
Australia,2010,Emr, 19.62 
Australia,2010,Sear, 61.92 
Australia,2010,Wpr, 121.56 
Austria,2000,Multicount, 0.14 
Austria,2000,Not UN, 0.21 
Austria,2000,Afr, 0.64 
Austria,2000,Amr, 1.02 
Austria,2000,Emr, 0.52 
Austria,2000,Eur, 1.89 
Austria,2000,Sear, 0.04 
Austria,2000,Wpr, 0.04 
Austria,2001,Multicount, 0.12 
Austria,2001,Not UN, 0.80 
Austria,2001,Afr, 12.59 
Austria,2001,Amr, 13.05 
Austria,2001,Emr, 0.25 
Austria,2001,Eur, 0.90 
Austria,2001,Sear, 12.33 
Austria,2001,Wpr, 13.10 
Austria,2002,Multicount, 1.65 
Austria,2002,Not UN, 0.95 
Austria,2002,Afr, 2.78 
Austria,2002,Amr, 0.93 
Austria,2002,Emr, 1.88 
Austria,2002,Eur, 0.40 
Austria,2002,Sear, 0.04 
Austria,2002,Wpr, 0.10 
Austria,2003,Multicount, 0.03 
Austria,2003,Not UN, 0.83 
Austria,2003,Afr, 4.65 
Austria,2003,Amr, 2.08 
Austria,2003,Emr, 0.37 
Austria,2003,Eur, 0.20 
Austria,2003,Sear, 0.11 
Austria,2003,Wpr, 0.19 
Austria,2004,Multicount, 0.32 
Austria,2004,Not UN, 1.03 
Austria,2004,Afr, 4.44 
Austria,2004,Amr, 1.73 
Austria,2004,Emr, 1.12 
Austria,2004,Eur, 0.39 
Austria,2004,Sear, 0.16 
Austria,2004,Wpr, 0.51 
Austria,2005,Multicount, 1.05 
Austria,2005,Not UN, 0.88 
Austria,2005,Afr, 3.78 
Austria,2005,Amr, 2.88 
Austria,2005,Emr, 0.49 
Austria,2005,Eur, 0.44 
Austria,2005,Sear, 0.08 
Austria,2005,Wpr, 0.00 
Austria,2006,Multicount, 1.59 
Austria,2006,Not UN, 2.59 
Austria,2006,Afr, 6.25 
Austria,2006,Amr, 4.15 
Austria,2006,Emr, 0.15 
Austria,2006,Eur, 0.86 
Austria,2006,Sear, 0.44 
Austria,2006,Wpr, 0.15 
Austria,2007,Multicount, 1.62 
Austria,2007,Not UN, 0.64 
Austria,2007,Afr, 5.99 
Austria,2007,Amr, 2.96 
Austria,2007,Emr, 0.68 
Austria,2007,Eur, 1.23 
Austria,2007,Sear, 0.37 
Austria,2007,Wpr, 1.10 
Austria,2008,Multicount, 1.82 
Austria,2008,Not UN, 1.56 
Austria,2008,Afr, 3.85 
Austria,2008,Amr, 3.11 
Austria,2008,Emr, 0.21 
Austria,2008,Eur, 2.39 
Austria,2008,Sear, 0.57 
Austria,2008,Wpr, 0.16 
Austria,2009,Multicount, 2.25 
Austria,2009,Not UN, 0.74 
Austria,2009,Afr, 3.33 
Austria,2009,Amr, 2.81 
Austria,2009,Emr, 0.15 
Austria,2009,Eur, 1.64 
Austria,2009,Sear, 0.43 
Austria,2009,Wpr, 0.48 
Austria,2010,Multicount, 1.17 
Austria,2010,Not UN, 1.41 
Austria,2010,Afr, 1.51 
Austria,2010,Amr, 1.81 
Austria,2010,Emr, 0.05 
Austria,2010,Eur, 3.67 
Austria,2010,Sear, 0.42 
Austria,2010,Wpr, 0.20 
Belgium,2000,Multicount, 50.27 
Belgium,2000,Not UN, 1.48 
Belgium,2000,Afr, 50.87 
Belgium,2000,Amr, 8.15 
Belgium,2000,Emr, 2.27 
Belgium,2000,Eur, 0.08 
Belgium,2000,Sear, 2.37 
Belgium,2000,Wpr, 4.58 
Belgium,2001,Multicount, 38.76 
Belgium,2001,Not UN, 6.17 
Belgium,2001,Afr, 56.49 
Belgium,2001,Amr, 10.65 
Belgium,2001,Emr, 0.35 
Belgium,2001,Eur, 0.18 
Belgium,2001,Sear, 2.71 
Belgium,2001,Wpr, 9.57 
Belgium,2002,Multicount, 44.50 
Belgium,2002,Not UN, 0.70 
Belgium,2002,Afr, 56.62 
Belgium,2002,Amr, 8.41 
Belgium,2002,Emr, 0.69 
Belgium,2002,Eur,
Belgium,2002,Sear, 3.96 
Belgium,2002,Wpr, 6.04 
Belgium,2003,Multicount, 50.01 
Belgium,2003,Not UN, 0.29 
Belgium,2003,Afr, 55.26 
Belgium,2003,Amr, 4.99 
Belgium,2003,Emr, 0.76 
Belgium,2003,Eur, 0.02 
Belgium,2003,Sear, 2.62 
Belgium,2003,Wpr, 4.88 
Belgium,2004,Multicount, 33.67 
Belgium,2004,Not UN, 1.49 
Belgium,2004,Afr, 51.26 
Belgium,2004,Amr, 4.20 
Belgium,2004,Emr, 0.52 
Belgium,2004,Eur,
Belgium,2004,Sear, 2.06 
Belgium,2004,Wpr, 7.08 
Belgium,2005,Multicount, 24.74 
Belgium,2005,Not UN, 1.12 
Belgium,2005,Afr, 66.18 
Belgium,2005,Amr, 11.52 
Belgium,2005,Emr, 0.24 
Belgium,2005,Eur,
Belgium,2005,Sear, 1.82 
Belgium,2005,Wpr, 8.62 
Belgium,2006,Multicount, 29.19 
Belgium,2006,Not UN, 1.39 
Belgium,2006,Afr, 79.50 
Belgium,2006,Amr, 13.76 
Belgium,2006,Emr, 0.24 
Belgium,2006,Sear, 1.70 
Belgium,2006,Wpr, 12.13 
Belgium,2007,Multicount, 33.70 
Belgium,2007,Not UN, 1.29 
Belgium,2007,Afr, 90.51 
Belgium,2007,Amr, 8.97 
Belgium,2007,Emr, 0.21 
Belgium,2007,Sear, 1.68 
Belgium,2007,Wpr, 17.30 
Belgium,2008,Multicount, 29.24 
Belgium,2008,Not UN, 1.01 
Belgium,2008,Afr, 85.80 
Belgium,2008,Amr, 13.33 
Belgium,2008,Emr, 0.75 
Belgium,2008,Sear, 3.50 
Belgium,2008,Wpr, 11.63 
Belgium,2009,Multicount, 32.66 
Belgium,2009,Not UN, 1.45 
Belgium,2009,Afr, 99.05 
Belgium,2009,Amr, 10.58 
Belgium,2009,Emr, 0.93 
Belgium,2009,Sear, 3.27 
Belgium,2009,Wpr, 8.59 
Belgium,2010,Multicount, 27.32 
Belgium,2010,Not UN, 1.60 
Belgium,2010,Afr, 112.63 
Belgium,2010,Amr, 15.61 
Belgium,2010,Emr, 0.91 
Belgium,2010,Eur, -   
Belgium,2010,Sear, 3.56 
Belgium,2010,Wpr, 6.63 
Canada,2000,Multicount, 31.53 
Canada,2000,Not UN,
Canada,2000,Afr, 8.76 
Canada,2000,Amr, 2.45 
Canada,2000,Emr, 2.63 
Canada,2000,Eur, 5.05 
Canada,2000,Sear, 16.67 
Canada,2000,Wpr, 1.68 
Canada,2001,Multicount, 21.51 
Canada,2001,Not UN, 5.89 
Canada,2001,Afr, 11.92 
Canada,2001,Amr, 8.21 
Canada,2001,Emr, 1.57 
Canada,2001,Eur, 6.79 
Canada,2001,Sear, 9.76 
Canada,2001,Wpr, 1.29 
Canada,2002,Multicount, 24.90 
Canada,2002,Not UN, 2.28 
Canada,2002,Afr, 43.89 
Canada,2002,Amr, 18.38 
Canada,2002,Emr, 2.65 
Canada,2002,Eur, 5.74 
Canada,2002,Sear, 7.94 
Canada,2002,Wpr, 3.06 
Canada,2003,Multicount, 46.40 
Canada,2003,Not UN, 0.01 
Canada,2003,Afr, 46.23 
Canada,2003,Amr, 15.15 
Canada,2003,Emr, 2.95 
Canada,2003,Eur, 6.11 
Canada,2003,Sear, 19.03 
Canada,2003,Wpr, 10.13 
Canada,2004,Multicount, 107.10 
Canada,2004,Not UN, 0.01 
Canada,2004,Afr, 58.69 
Canada,2004,Amr, 11.47 
Canada,2004,Emr, 3.66 
Canada,2004,Eur, 3.42 
Canada,2004,Sear, 26.34 
Canada,2004,Wpr, 6.78 
Canada,2005,Multicount, 225.68 
Canada,2005,Afr, 59.42 
Canada,2005,Amr, 15.92 
Canada,2005,Emr, 3.87 
Canada,2005,Eur, 2.35 
Canada,2005,Sear, 29.76 
Canada,2005,Wpr, 2.57 
Canada,2006,Multicount, 66.51 
Canada,2006,Not UN, 0.01 
Canada,2006,Afr, 85.78 
Canada,2006,Amr, 25.48 
Canada,2006,Emr, 3.04 
Canada,2006,Eur, 2.39 
Canada,2006,Sear, 36.23 
Canada,2006,Wpr, 3.25 
Canada,2007,Multicount, 192.09 
Canada,2007,Not UN, 0.33 
Canada,2007,Afr, 114.66 
Canada,2007,Amr, 41.61 
Canada,2007,Emr, 23.63 
Canada,2007,Eur, 3.37 
Canada,2007,Sear, 17.61 
Canada,2007,Wpr, 2.63 
Canada,2008,Multicount, 158.96 
Canada,2008,Not UN, 0.37 
Canada,2008,Afr, 105.37 
Canada,2008,Amr, 40.19 
Canada,2008,Emr, 39.60 
Canada,2008,Eur, 2.97 
Canada,2008,Sear, 26.55 
Canada,2008,Wpr, 1.78 
Canada,2009,Multicount, 184.39 
Canada,2009,Not UN, 0.47 
Canada,2009,Afr, 133.13 
Canada,2009,Amr, 47.40 
Canada,2009,Emr, 51.98 
Canada,2009,Eur, 2.87 
Canada,2009,Sear, 13.51 
Canada,2009,Wpr, 4.88 
Canada,2010,Multicount, 185.89 
Canada,2010,Not UN, 0.06 
Canada,2010,Afr, 131.36 
Canada,2010,Amr, 32.37 
Canada,2010,Emr, 31.37 
Canada,2010,Eur, 0.11 
Canada,2010,Sear, 10.37 
Canada,2010,Wpr, 2.91 
Denmark,2000,Multicount, 1.94 
Denmark,2000,Afr, 9.93 
Denmark,2000,Amr, 0.26 
Denmark,2000,Emr, 0.51 
Denmark,2000,Eur, 0.22 
Denmark,2000,Sear, 18.13 
Denmark,2000,Wpr, 1.02 
Denmark,2001,Multicount, 9.08 
Denmark,2001,Afr, 21.68 
Denmark,2001,Amr, 1.41 
Denmark,2001,Emr, 6.26 
Denmark,2001,Eur, 0.36 
Denmark,2001,Sear, 13.78 
Denmark,2001,Wpr, 2.13 
Denmark,2002,Multicount,
Denmark,2002,Afr,
Denmark,2002,Amr,
Denmark,2002,Emr,
Denmark,2002,Eur,
Denmark,2002,Sear,
Denmark,2002,Wpr,
Denmark,2003,Multicount, 6.96 
Denmark,2003,Afr, 46.77 
Denmark,2003,Amr, 1.12 
Denmark,2003,Emr, 0.53 
Denmark,2003,Eur, 0.06 
Denmark,2003,Sear, 14.14 
Denmark,2003,Wpr, 0.49 
Denmark,2004,Multicount, 6.03 
Denmark,2004,Afr, 64.90 
Denmark,2004,Amr, 0.75 
Denmark,2004,Emr, 1.29 
Denmark,2004,Sear, 5.31 
Denmark,2004,Wpr, 0.52 
Denmark,2005,Multicount, 3.80 
Denmark,2005,Afr, 72.63 
Denmark,2005,Amr, 0.80 
Denmark,2005,Emr, 2.55 
Denmark,2005,Eur, 0.09 
Denmark,2005,Sear, 11.83 
Denmark,2005,Wpr, 0.52 
Denmark,2006,Multicount, 3.33 
Denmark,2006,Not UN,
Denmark,2006,Afr, 67.32 
Denmark,2006,Amr, 0.36 
Denmark,2006,Emr, 0.04 
Denmark,2006,Eur, 0.74 
Denmark,2006,Sear, 6.04 
Denmark,2006,Wpr, 2.44 
Denmark,2007,Multicount, 2.79 
Denmark,2007,Afr, 72.00 
Denmark,2007,Amr, 1.18 
Denmark,2007,Emr, 3.55 
Denmark,2007,Eur, 0.61 
Denmark,2007,Sear, 2.53 
Denmark,2007,Wpr, 1.86 
Denmark,2008,Multicount, 3.49 
Denmark,2008,Not UN, 0.23 
Denmark,2008,Afr, 74.95 
Denmark,2008,Amr, 1.16 
Denmark,2008,Emr, 3.71 
Denmark,2008,Eur, 1.27 
Denmark,2008,Sear, 1.69 
Denmark,2008,Wpr, 0.43 
Denmark,2009,Multicount, 12.22 
Denmark,2009,Not UN, 0.52 
Denmark,2009,Afr, 107.97 
Denmark,2009,Amr, 0.98 
Denmark,2009,Emr, 5.19 
Denmark,2009,Eur, 0.77 
Denmark,2009,Sear, 2.77 
Denmark,2009,Wpr, 0.51 
Denmark,2010,Multicount, 34.07 
Denmark,2010,Not UN, 0.93 
Denmark,2010,Afr, 125.68 
Denmark,2010,Amr, 0.71 
Denmark,2010,Emr, 4.33 
Denmark,2010,Eur, 0.70 
Denmark,2010,Sear, 4.39 
Denmark,2010,Wpr, 2.60 
EU Institutions,2000,Multicount, 4.88 
EU Institutions,2000,Not UN,
EU Institutions,2000,Afr, 73.50 
EU Institutions,2000,Amr, 3.86 
EU Institutions,2000,Emr, 0.09 
EU Institutions,2000,Eur,
EU Institutions,2000,Sear,
EU Institutions,2000,Wpr, 1.19 
EU Institutions,2001,Multicount, 4.92 
EU Institutions,2001,Not UN,
EU Institutions,2001,Afr, 114.29 
EU Institutions,2001,Amr, 6.90 
EU Institutions,2001,Emr, 0.04 
EU Institutions,2001,Sear,
EU Institutions,2001,Wpr, 0.47 
EU Institutions,2002,Multicount, 14.95 
EU Institutions,2002,Not UN,
EU Institutions,2002,Afr, 101.09 
EU Institutions,2002,Amr, 5.96 
EU Institutions,2002,Emr,
EU Institutions,2002,Eur,
EU Institutions,2002,Sear,
EU Institutions,2002,Wpr, 0.30 
EU Institutions,2003,Multicount, 24.41 
EU Institutions,2003,Not UN,
EU Institutions,2003,Afr, 99.00 
EU Institutions,2003,Amr, 3.39 
EU Institutions,2003,Emr, 2.28 
EU Institutions,2003,Eur, 0.21 
EU Institutions,2003,Sear,
EU Institutions,2003,Wpr, 1.30 
EU Institutions,2004,Multicount, 7.17 
EU Institutions,2004,Afr, 223.64 
EU Institutions,2004,Amr, 9.49 
EU Institutions,2004,Emr,
EU Institutions,2004,Eur,
EU Institutions,2004,Sear,
EU Institutions,2004,Wpr, 2.19 
EU Institutions,2005,Multicount, 82.92 
EU Institutions,2005,Not UN, 7.57 
EU Institutions,2005,Afr, 243.79 
EU Institutions,2005,Amr, 35.30 
EU Institutions,2005,Emr, 53.01 
EU Institutions,2005,Eur, 25.27 
EU Institutions,2005,Sear, 50.04 
EU Institutions,2005,Wpr, 9.33 
EU Institutions,2006,Multicount, 104.68 
EU Institutions,2006,Not UN, 1.53 
EU Institutions,2006,Afr, 201.88 
EU Institutions,2006,Amr, 31.12 
EU Institutions,2006,Emr, 167.24 
EU Institutions,2006,Eur, 47.13 
EU Institutions,2006,Sear, 137.87 
EU Institutions,2006,Wpr, 19.51 
EU Institutions,2007,Multicount, 195.77 
EU Institutions,2007,Not UN, 4.25 
EU Institutions,2007,Afr, 239.09 
EU Institutions,2007,Amr, 40.11 
EU Institutions,2007,Emr, 106.48 
EU Institutions,2007,Eur, 39.80 
EU Institutions,2007,Sear, 39.10 
EU Institutions,2007,Wpr, 31.05 
EU Institutions,2008,Multicount, 184.48 
EU Institutions,2008,Not UN, 1.23 
EU Institutions,2008,Afr, 229.32 
EU Institutions,2008,Amr, 35.41 
EU Institutions,2008,Emr, 113.93 
EU Institutions,2008,Eur, 39.88 
EU Institutions,2008,Sear, 83.58 
EU Institutions,2008,Wpr, 26.04 
EU Institutions,2009,Multicount, 103.07 
EU Institutions,2009,Not UN, 2.76 
EU Institutions,2009,Afr, 188.46 
EU Institutions,2009,Amr, 62.28 
EU Institutions,2009,Emr, 94.22 
EU Institutions,2009,Eur, 54.96 
EU Institutions,2009,Sear, 46.73 
EU Institutions,2009,Wpr, 20.41 
EU Institutions,2010,Multicount, 97.88 
EU Institutions,2010,Not UN, 5.54 
EU Institutions,2010,Afr, 143.46 
EU Institutions,2010,Amr, 15.64 
EU Institutions,2010,Emr, 106.82 
EU Institutions,2010,Eur, 42.29 
EU Institutions,2010,Sear, 83.51 
EU Institutions,2010,Wpr, 24.09 
Finland,2000,Multicount, 2.74 
Finland,2000,Not UN, 0.01 
Finland,2000,Afr, 8.01 
Finland,2000,Amr, 2.29 
Finland,2000,Emr, 0.77 
Finland,2000,Eur, 0.54 
Finland,2000,Sear, 0.37 
Finland,2000,Wpr, 1.68 
Finland,2001,Multicount, 5.85 
Finland,2001,Not UN, 0.01 
Finland,2001,Afr, 13.42 
Finland,2001,Amr, 3.03 
Finland,2001,Emr, 0.86 
Finland,2001,Eur, 1.16 
Finland,2001,Sear, 1.14 
Finland,2001,Wpr, 2.54 
Finland,2002,Multicount, 5.97 
Finland,2002,Afr, 9.44 
Finland,2002,Amr, 2.08 
Finland,2002,Emr, 2.13 
Finland,2002,Eur, 2.16 
Finland,2002,Sear, 2.31 
Finland,2002,Wpr, 1.67 
Finland,2003,Multicount, 4.25 
Finland,2003,Afr, 12.29 
Finland,2003,Amr, 4.98 
Finland,2003,Emr, 3.53 
Finland,2003,Eur, 1.37 
Finland,2003,Sear, 1.93 
Finland,2003,Wpr, 1.04 
Finland,2004,Multicount,
Finland,2004,Not UN,
Finland,2004,Afr,
Finland,2004,Amr,
Finland,2004,Emr,
Finland,2004,Sear,
Finland,2004,Wpr,
Finland,2005,Multicount,
Finland,2005,Not UN,
Finland,2005,Afr,
Finland,2005,Amr,
Finland,2005,Emr,
Finland,2005,Eur,
Finland,2005,Sear,
Finland,2005,Wpr,
Finland,2006,Multicount, 12.15 
Finland,2006,Not UN, 0.07 
Finland,2006,Afr, 8.56 
Finland,2006,Amr, 6.42 
Finland,2006,Emr, 3.18 
Finland,2006,Eur, 2.01 
Finland,2006,Sear, 2.76 
Finland,2006,Wpr, 8.96 
Finland,2007,Multicount, 11.01 
Finland,2007,Not UN, 0.08 
Finland,2007,Afr, 12.37 
Finland,2007,Amr, 6.60 
Finland,2007,Emr, 3.00 
Finland,2007,Eur, 2.32 
Finland,2007,Sear, 3.42 
Finland,2007,Wpr, 3.34 
Finland,2008,Multicount, 16.13 
Finland,2008,Not UN, 0.03 
Finland,2008,Afr, 12.91 
Finland,2008,Amr, 6.66 
Finland,2008,Emr, 2.34 
Finland,2008,Eur, 0.93 
Finland,2008,Sear, 3.54 
Finland,2008,Wpr, 2.55 
Finland,2009,Multicount, 8.54 
Finland,2009,Not UN, 0.06 
Finland,2009,Afr, 14.27 
Finland,2009,Amr, 4.76 
Finland,2009,Emr, 2.41 
Finland,2009,Eur, 0.79 
Finland,2009,Sear, 3.54 
Finland,2009,Wpr, 1.65 
Finland,2010,Multicount, 11.69 
Finland,2010,Not UN, 0.07 
Finland,2010,Afr, 11.60 
Finland,2010,Amr, 6.85 
Finland,2010,Emr, 3.22 
Finland,2010,Eur, 0.75 
Finland,2010,Sear, 2.94 
Finland,2010,Wpr, 1.07 
France,2000,Multicount, 1.04 
France,2000,Not UN, 0.47 
France,2000,Afr, 44.60 
France,2000,Amr, 3.94 
France,2000,Emr, 11.24 
France,2000,Eur, 0.97 
France,2000,Sear, 7.59 
France,2000,Wpr, 4.31 
France,2001,Multicount, 50.86 
France,2001,Not UN, 57.03 
France,2001,Afr, 77.69 
France,2001,Amr, 20.76 
France,2001,Emr, 9.49 
France,2001,Eur, 1.00 
France,2001,Sear, 6.76 
France,2001,Wpr, 8.71 
France,2002,Multicount, 55.17 
France,2002,Not UN, 49.00 
France,2002,Afr, 70.05 
France,2002,Amr, 20.24 
France,2002,Emr, 10.59 
France,2002,Eur, 0.62 
France,2002,Sear, 6.20 
France,2002,Wpr, 10.25 
France,2003,Multicount, 74.07 
France,2003,Not UN, 24.11 
France,2003,Afr, 81.68 
France,2003,Amr, 33.95 
France,2003,Emr, 10.88 
France,2003,Eur, 0.89 
France,2003,Sear, 10.68 
France,2003,Wpr, 9.97 
France,2004,Multicount, 115.62 
France,2004,Not UN, 28.08 
France,2004,Afr, 84.01 
France,2004,Amr, 27.63 
France,2004,Emr, 12.81 
France,2004,Eur, 2.55 
France,2004,Sear, 13.63 
France,2004,Wpr, 10.46 
France,2005,Multicount, 150.46 
France,2005,Not UN, 2.37 
France,2005,Afr, 83.02 
France,2005,Amr, 26.37 
France,2005,Emr, 16.65 
France,2005,Eur, 3.67 
France,2005,Sear, 10.65 
France,2005,Wpr, 11.31 
France,2006,Multicount, 27.42 
France,2006,Not UN, 1.54 
France,2006,Afr, 182.81 
France,2006,Amr, 36.13 
France,2006,Emr, 15.49 
France,2006,Eur, 0.58 
France,2006,Sear, 38.57 
France,2006,Wpr, 21.38 
France,2007,Multicount, 13.26 
France,2007,Not UN, 11.71 
France,2007,Afr, 31.74 
France,2007,Amr, 9.60 
France,2007,Emr, 16.19 
France,2007,Eur, 0.15 
France,2007,Sear, 2.12 
France,2007,Wpr, 17.88 
France,2008,Multicount, 223.91 
France,2008,Not UN, 14.51 
France,2008,Afr, 51.59 
France,2008,Amr, 3.75 
France,2008,Emr, 36.04 
France,2008,Eur, 1.01 
France,2008,Sear, 2.04 
France,2008,Wpr, 6.78 
France,2009,Multicount, 197.37 
France,2009,Not UN, 10.96 
France,2009,Afr, 76.70 
France,2009,Amr, 6.90 
France,2009,Emr, 36.52 
France,2009,Eur, 0.51 
France,2009,Sear, 4.08 
France,2009,Wpr, 11.37 
France,2010,Multicount, 277.94 
France,2010,Not UN, 8.84 
France,2010,Afr, 101.57 
France,2010,Amr, 7.72 
France,2010,Emr, 29.34 
France,2010,Eur, 0.57 
France,2010,Sear, 9.04 
France,2010,Wpr, 8.88 
GAVI,2007,Multicount, 514.09 
GAVI,2007,Afr, 302.47 
GAVI,2007,Amr, 0.41 
GAVI,2007,Emr, 66.07 
GAVI,2007,Eur, 2.19 
GAVI,2007,Sear, 44.91 
GAVI,2007,Wpr, 12.45 
GAVI,2008,Multicount, 101.65 
GAVI,2008,Afr, 367.07 
GAVI,2008,Amr, 7.14 
GAVI,2008,Emr, 133.34 
GAVI,2008,Eur, 13.80 
GAVI,2008,Sear, 61.30 
GAVI,2008,Wpr, 24.02 
GAVI,2009,Multicount, 106.10 
GAVI,2009,Afr, 210.54 
GAVI,2009,Amr, 6.42 
GAVI,2009,Emr, 78.70 
GAVI,2009,Eur, 9.88 
GAVI,2009,Sear, 41.56 
GAVI,2009,Wpr, 20.30 
GAVI,2010,Multicount, 114.00 
GAVI,2010,Afr, 294.11 
GAVI,2010,Amr, 16.69 
GAVI,2010,Emr, 159.94 
GAVI,2010,Eur, 16.38 
GAVI,2010,Sear, 73.19 
GAVI,2010,Wpr, 29.91 
GEF,2008,Emr, 0.59 
Germany,2000,Multicount,
Germany,2000,Not UN,
Germany,2000,Afr, 32.08 
Germany,2000,Amr, 10.86 
Germany,2000,Emr, 10.64 
Germany,2000,Eur, 3.41 
Germany,2000,Sear, 20.98 
Germany,2000,Wpr, 11.95 
Germany,2001,Multicount, 10.43 
Germany,2001,Not UN, 2.03 
Germany,2001,Afr, 73.19 
Germany,2001,Amr, 32.54 
Germany,2001,Emr, 12.70 
Germany,2001,Eur, 8.46 
Germany,2001,Sear, 48.19 
Germany,2001,Wpr, 31.58 
Germany,2002,Multicount, 3.27 
Germany,2002,Not UN, 4.27 
Germany,2002,Afr, 49.88 
Germany,2002,Amr, 10.50 
Germany,2002,Emr, 12.18 
Germany,2002,Eur, 19.59 
Germany,2002,Sear, 40.63 
Germany,2002,Wpr, 16.35 
Germany,2003,Multicount, 14.30 
Germany,2003,Not UN, 1.60 
Germany,2003,Afr, 93.08 
Germany,2003,Amr, 13.97 
Germany,2003,Emr, 15.53 
Germany,2003,Eur, 10.52 
Germany,2003,Sear, 61.31 
Germany,2003,Wpr, 25.23 
Germany,2004,Multicount, 15.77 
Germany,2004,Not UN, 0.74 
Germany,2004,Afr, 109.28 
Germany,2004,Amr, 9.05 
Germany,2004,Emr, 10.31 
Germany,2004,Eur, 7.09 
Germany,2004,Sear, 39.08 
Germany,2004,Wpr, 82.66 
Germany,2005,Multicount, 12.40 
Germany,2005,Not UN, 1.03 
Germany,2005,Afr, 112.24 
Germany,2005,Amr, 7.08 
Germany,2005,Emr, 9.60 
Germany,2005,Eur, 19.09 
Germany,2005,Sear, 60.51 
Germany,2005,Wpr, 27.39 
Germany,2006,Multicount, 30.19 
Germany,2006,Not UN, 0.35 
Germany,2006,Afr, 109.05 
Germany,2006,Amr, 4.22 
Germany,2006,Emr, 12.21 
Germany,2006,Eur, 6.00 
Germany,2006,Sear, 77.31 
Germany,2006,Wpr, 47.82 
Germany,2007,Multicount, 47.43 
Germany,2007,Not UN, 0.17 
Germany,2007,Afr, 113.51 
Germany,2007,Amr, 3.83 
Germany,2007,Emr, 23.30 
Germany,2007,Eur, 11.87 
Germany,2007,Sear, 110.06 
Germany,2007,Wpr, 54.65 
Germany,2008,Multicount, 52.69 
Germany,2008,Not UN, 0.38 
Germany,2008,Afr, 124.57 
Germany,2008,Amr, 4.05 
Germany,2008,Emr, 25.04 
Germany,2008,Eur, 22.00 
Germany,2008,Sear, 129.48 
Germany,2008,Wpr, 38.85 
Germany,2009,Multicount, 46.61 
Germany,2009,Not UN, 1.05 
Germany,2009,Afr, 131.98 
Germany,2009,Amr, 5.02 
Germany,2009,Emr, 34.51 
Germany,2009,Eur, 24.96 
Germany,2009,Sear, 94.11 
Germany,2009,Wpr, 86.37 
Germany,2010,Multicount, 95.64 
Germany,2010,Not UN, 1.18 
Germany,2010,Afr, 149.76 
Germany,2010,Amr, 5.58 
Germany,2010,Emr, 49.21 
Germany,2010,Eur, 23.79 
Germany,2010,Sear, 125.95 
Germany,2010,Wpr, 44.66 
Global Fund,2003,Multicount, 5.92 
Global Fund,2003,Afr, 154.17 
Global Fund,2003,Amr, 41.02 
Global Fund,2003,Emr, 5.23 
Global Fund,2003,Eur, 8.53 
Global Fund,2003,Sear, 24.43 
Global Fund,2003,Wpr, 36.15 
Global Fund,2004,Multicount, 9.63 
Global Fund,2004,Afr, 391.46 
Global Fund,2004,Amr, 89.63 
Global Fund,2004,Emr, 29.69 
Global Fund,2004,Eur, 16.17 
Global Fund,2004,Sear, 84.48 
Global Fund,2004,Wpr, 58.49 
Global Fund,2005,Multicount, 12.44 
Global Fund,2005,Afr, 718.13 
Global Fund,2005,Amr, 122.58 
Global Fund,2005,Emr, 55.19 
Global Fund,2005,Eur, 51.54 
Global Fund,2005,Sear, 76.22 
Global Fund,2005,Wpr, 104.89 
Global Fund,2006,Multicount, 21.59 
Global Fund,2006,Afr, 806.45 
Global Fund,2006,Amr, 114.40 
Global Fund,2006,Emr, 77.64 
Global Fund,2006,Eur, 80.58 
Global Fund,2006,Sear, 151.45 
Global Fund,2006,Wpr, 135.27 
Global Fund,2007,Multicount, 27.14 
Global Fund,2007,Afr, 978.95 
Global Fund,2007,Amr, 122.32 
Global Fund,2007,Emr, 80.03 
Global Fund,2007,Eur, 103.88 
Global Fund,2007,Sear, 182.18 
Global Fund,2007,Wpr, 170.09 
Global Fund,2008,Multicount, 29.74 
Global Fund,2008,Afr," 1,239.39 "
Global Fund,2008,Amr, 157.05 
Global Fund,2008,Emr, 125.02 
Global Fund,2008,Eur, 115.56 
Global Fund,2008,Sear, 262.62 
Global Fund,2008,Wpr, 182.69 
Global Fund,2009,Multicount, 29.79 
Global Fund,2009,Not UN, 1.22 
Global Fund,2009,Afr," 1,378.06 "
Global Fund,2009,Amr, 147.17 
Global Fund,2009,Emr, 74.20 
Global Fund,2009,Eur, 98.41 
Global Fund,2009,Sear, 351.29 
Global Fund,2009,Wpr, 256.71 
Global Fund,2010,Multicount, 33.40 
Global Fund,2010,Not UN, 4.19 
Global Fund,2010,Afr," 1,774.43 "
Global Fund,2010,Amr, 167.44 
Global Fund,2010,Emr, 182.31 
Global Fund,2010,Eur, 159.38 
Global Fund,2010,Sear, 413.24 
Global Fund,2010,Wpr, 267.83 
Greece,2002,Multicount, 2.11 
Greece,2002,Not UN, 0.28 
Greece,2002,Emr, 1.32 
Greece,2002,Eur, 2.79 
Greece,2003,Multicount, 9.31 
Greece,2003,Not UN, 0.32 
Greece,2003,Afr, 0.73 
Greece,2003,Amr, 0.04 
Greece,2003,Emr, 2.12 
Greece,2003,Eur, 4.76 
Greece,2004,Multicount, 18.96 
Greece,2004,Not UN, 0.22 
Greece,2004,Afr, 1.04 
Greece,2004,Amr, 0.16 
Greece,2004,Emr, 2.38 
Greece,2004,Eur, 5.78 
Greece,2005,Multicount, 12.23 
Greece,2005,Not UN, 0.15 
Greece,2005,Afr, 0.70 
Greece,2005,Emr, 11.22 
Greece,2005,Eur, 10.69 
Greece,2006,Multicount, 28.46 
Greece,2006,Not UN, 0.67 
Greece,2006,Afr, 1.17 
Greece,2006,Amr, 0.12 
Greece,2006,Emr, 1.18 
Greece,2006,Eur, 6.24 
Greece,2006,Sear, 0.28 
Greece,2007,Multicount, 31.33 
Greece,2007,Not UN, 0.04 
Greece,2007,Afr, 0.63 
Greece,2007,Amr, 0.02 
Greece,2007,Emr, 1.75 
Greece,2007,Eur, 2.20 
Greece,2007,Sear, 0.24 
Greece,2007,Wpr, 0.04 
Greece,2008,Multicount, 5.18 
Greece,2008,Afr, 0.84 
Greece,2008,Amr, 0.01 
Greece,2008,Emr, 1.76 
Greece,2008,Eur, 5.38 
Greece,2008,Sear, 0.04 
Greece,2008,Wpr, 0.07 
Greece,2009,Multicount, 12.32 
Greece,2009,Not UN, 2.09 
Greece,2009,Afr, 0.05 
Greece,2009,Emr, 4.45 
Greece,2009,Eur, 2.41 
Greece,2009,Wpr, 0.13 
Greece,2010,Multicount, 4.13 
Greece,2010,Not UN, 2.18 
IDA,2000,Afr, 267.57 
IDA,2000,Amr, 25.98 
IDA,2000,Emr, 39.83 
IDA,2000,Eur, 31.33 
IDA,2000,Sear, 488.92 
IDA,2000,Wpr, 139.24 
IDA,2001,Afr, 364.54 
IDA,2001,Amr, 33.90 
IDA,2001,Emr, 137.69 
IDA,2001,Eur, 42.20 
IDA,2001,Sear, 618.50 
IDA,2001,Wpr, 118.31 
IDA,2002,Afr, 324.96 
IDA,2002,Amr, 23.84 
IDA,2002,Emr, 177.91 
IDA,2002,Eur, 70.71 
IDA,2002,Sear, 663.86 
IDA,2002,Wpr, 100.33 
IDA,2003,Multicount, -   
IDA,2003,Afr, 479.69 
IDA,2003,Amr, 47.90 
IDA,2003,Emr, 55.49 
IDA,2003,Eur, 38.14 
IDA,2003,Sear, 309.60 
IDA,2003,Wpr, 90.89 
IDA,2004,Multicount, 1.34 
IDA,2004,Afr, 620.19 
IDA,2004,Amr, 37.59 
IDA,2004,Emr, 121.13 
IDA,2004,Eur, 46.32 
IDA,2004,Sear, 508.52 
IDA,2004,Wpr, 55.45 
IDA,2005,Multicount, 5.66 
IDA,2005,Afr, 628.64 
IDA,2005,Amr, 39.53 
IDA,2005,Emr, 138.96 
IDA,2005,Eur, 21.17 
IDA,2005,Sear, 443.84 
IDA,2005,Wpr, 52.87 
IDA,2006,Multicount, 8.61 
IDA,2006,Afr, 508.71 
IDA,2006,Amr, 26.79 
IDA,2006,Emr, 163.77 
IDA,2006,Eur, 57.90 
IDA,2006,Sear, 332.56 
IDA,2006,Wpr, 43.93 
IDA,2007,Multicount, 6.67 
IDA,2007,Afr, 428.00 
IDA,2007,Amr, 16.88 
IDA,2007,Emr, 142.88 
IDA,2007,Eur, 47.91 
IDA,2007,Sear, 216.17 
IDA,2007,Wpr, 61.60 
IDA,2008,Multicount, 7.49 
IDA,2008,Afr, 381.50 
IDA,2008,Amr, 11.71 
IDA,2008,Emr, 49.23 
IDA,2008,Eur, 38.06 
IDA,2008,Sear, 200.81 
IDA,2008,Wpr, 47.14 
IDA,2009,Multicount, 7.95 
IDA,2009,Afr, 447.00 
IDA,2009,Amr, 12.80 
IDA,2009,Emr, 66.04 
IDA,2009,Eur, 68.12 
IDA,2009,Sear, 342.26 
IDA,2009,Wpr, 53.35 
IDA,2010,Multicount, 8.96 
IDA,2010,Afr, 452.40 
IDA,2010,Amr, 7.32 
IDA,2010,Emr, 42.63 
IDA,2010,Eur, 53.89 
IDA,2010,Sear, 274.74 
IDA,2010,Wpr, 84.77 
IDB Sp.Fund,2001,Amr,
IDB Sp.Fund,2003,Amr,
IDB Sp.Fund,2005,Amr,
IDB Sp.Fund,2007,Amr,
IDB Sp.Fund,2009,Multicount, 2.48 
IDB Sp.Fund,2009,Amr, 19.73 
IDB Sp.Fund,2010,Multicount, 2.30 
IDB Sp.Fund,2010,Amr, 17.37 
IFAD,2003,Afr,
IFAD,2005,Wpr,
IFAD,2008,Afr,
Ireland,2000,Afr, 2.78 
Ireland,2000,Amr, 0.12 
Ireland,2000,Emr,
Ireland,2000,Eur,
Ireland,2000,Sear, 0.09 
Ireland,2000,Wpr,
Ireland,2001,Multicount,
Ireland,2001,Afr, 4.14 
Ireland,2001,Amr,
Ireland,2001,Emr,
Ireland,2001,Eur,
Ireland,2001,Sear,
Ireland,2001,Wpr,
Ireland,2002,Multicount, 33.10 
Ireland,2002,Not UN, 0.62 
Ireland,2002,Afr, 61.88 
Ireland,2002,Amr, 1.21 
Ireland,2002,Emr, 2.54 
Ireland,2002,Eur, 0.49 
Ireland,2002,Sear, 0.78 
Ireland,2002,Wpr, 0.22 
Ireland,2003,Multicount, 34.40 
Ireland,2003,Not UN, 0.02 
Ireland,2003,Afr, 74.54 
Ireland,2003,Amr, 1.05 
Ireland,2003,Emr, 2.56 
Ireland,2003,Eur, 0.65 
Ireland,2003,Sear, 0.94 
Ireland,2003,Wpr, 0.52 
Ireland,2004,Multicount, 25.91 
Ireland,2004,Not UN, 0.02 
Ireland,2004,Afr, 78.78 
Ireland,2004,Amr, 1.96 
Ireland,2004,Emr, 3.34 
Ireland,2004,Eur, 0.78 
Ireland,2004,Sear, 1.46 
Ireland,2004,Wpr, 0.33 
Ireland,2005,Multicount, 29.38 
Ireland,2005,Not UN, 0.04 
Ireland,2005,Afr, 79.04 
Ireland,2005,Amr, 1.45 
Ireland,2005,Emr, 4.14 
Ireland,2005,Eur, 1.04 
Ireland,2005,Sear, 1.72 
Ireland,2005,Wpr, 0.12 
Ireland,2006,Multicount, 71.04 
Ireland,2006,Not UN, 0.03 
Ireland,2006,Afr, 80.75 
Ireland,2006,Amr, 2.29 
Ireland,2006,Emr, 5.73 
Ireland,2006,Eur, 1.38 
Ireland,2006,Sear, 1.95 
Ireland,2006,Wpr, 1.87 
Ireland,2007,Multicount, 62.26 
Ireland,2007,Not UN, 0.09 
Ireland,2007,Afr, 101.96 
Ireland,2007,Amr, 1.41 
Ireland,2007,Emr, 4.10 
Ireland,2007,Eur, 1.00 
Ireland,2007,Sear, 1.58 
Ireland,2007,Wpr, 0.67 
Ireland,2008,Multicount, 29.53 
Ireland,2008,Not UN, 0.09 
Ireland,2008,Afr, 100.32 
Ireland,2008,Amr, 1.46 
Ireland,2008,Emr, 5.94 
Ireland,2008,Eur, 1.40 
Ireland,2008,Sear, 1.68 
Ireland,2008,Wpr, 0.88 
Ireland,2009,Multicount, 22.52 
Ireland,2009,Not UN, 0.14 
Ireland,2009,Afr, 89.34 
Ireland,2009,Amr, 0.87 
Ireland,2009,Emr, 6.41 
Ireland,2009,Eur, 1.40 
Ireland,2009,Sear, 1.75 
Ireland,2009,Wpr, 1.31 
Ireland,2010,Multicount, 14.91 
Ireland,2010,Not UN, 0.03 
Ireland,2010,Afr, 81.66 
Ireland,2010,Amr, 1.13 
Ireland,2010,Emr, 6.10 
Ireland,2010,Eur, 0.11 
Ireland,2010,Sear, 1.42 
Ireland,2010,Wpr, 0.20 
Isl.Dev Bank,2010,Multicount,
Isl.Dev Bank,2010,Afr,
Isl.Dev Bank,2010,Emr,
Isl.Dev Bank,2010,Eur,
Italy,2000,Multicount,
Italy,2000,Not UN,
Italy,2000,Afr, -   
Italy,2000,Amr, -   
Italy,2000,Emr,
Italy,2000,Eur,
Italy,2000,Sear, -   
Italy,2000,Wpr,
Italy,2001,Multicount,
Italy,2001,Not UN,
Italy,2001,Afr, -   
Italy,2001,Amr, -   
Italy,2001,Emr,
Italy,2001,Eur, -   
Italy,2001,Sear,
Italy,2001,Wpr,
Italy,2002,Multicount, 1.16 
Italy,2002,Not UN, 0.12 
Italy,2002,Afr, 7.31 
Italy,2002,Amr, 3.82 
Italy,2002,Emr, 0.83 
Italy,2002,Eur, 1.18 
Italy,2002,Sear, 0.42 
Italy,2002,Wpr, 0.06 
Italy,2003,Multicount, 1.87 
Italy,2003,Not UN, 1.68 
Italy,2003,Afr, 44.65 
Italy,2003,Amr, 2.09 
Italy,2003,Emr, 8.11 
Italy,2003,Eur, 1.97 
Italy,2003,Sear, 0.08 
Italy,2003,Wpr, 1.92 
Italy,2004,Multicount, 9.75 
Italy,2004,Not UN, 1.37 
Italy,2004,Afr, 28.59 
Italy,2004,Amr, 6.71 
Italy,2004,Emr, 9.15 
Italy,2004,Eur, 1.35 
Italy,2004,Sear, 4.18 
Italy,2004,Wpr, 2.74 
Italy,2005,Multicount, 15.74 
Italy,2005,Not UN, 3.43 
Italy,2005,Afr, 25.02 
Italy,2005,Amr, 13.68 
Italy,2005,Emr, 17.22 
Italy,2005,Eur, 1.60 
Italy,2005,Sear, 1.37 
Italy,2005,Wpr, 2.04 
Italy,2006,Multicount, 1.98 
Italy,2006,Not UN, 0.97 
Italy,2006,Afr, 30.07 
Italy,2006,Amr, 26.32 
Italy,2006,Emr, 5.23 
Italy,2006,Eur, 18.30 
Italy,2006,Sear, 0.20 
Italy,2006,Wpr, 3.03 
Italy,2007,Multicount, 5.70 
Italy,2007,Not UN, 6.12 
Italy,2007,Afr, 39.88 
Italy,2007,Amr, 9.30 
Italy,2007,Emr, 14.68 
Italy,2007,Eur, 4.72 
Italy,2007,Sear, 1.09 
Italy,2007,Wpr, 32.80 
Italy,2008,Multicount, 5.27 
Italy,2008,Not UN, 5.70 
Italy,2008,Afr, 46.24 
Italy,2008,Amr, 6.13 
Italy,2008,Emr, 36.27 
Italy,2008,Eur, 4.08 
Italy,2008,Sear, 5.34 
Italy,2008,Wpr, 9.80 
Italy,2009,Multicount, 7.90 
Italy,2009,Not UN, 3.01 
Italy,2009,Afr, 43.73 
Italy,2009,Amr, 4.38 
Italy,2009,Emr, 25.61 
Italy,2009,Eur, 3.38 
Italy,2009,Sear, 6.41 
Italy,2009,Wpr, 7.85 
Italy,2010,Multicount, 2.56 
Italy,2010,Not UN, 1.00 
Italy,2010,Afr, 41.91 
Italy,2010,Amr, 8.99 
Italy,2010,Emr, 19.44 
Italy,2010,Eur, 4.40 
Italy,2010,Sear, 4.81 
Italy,2010,Wpr, 4.88 
Japan,2000,Not UN, 4.63 
Japan,2000,Afr, 15.74 
Japan,2000,Amr, 56.66 
Japan,2000,Emr, 3.98 
Japan,2000,Eur, 28.95 
Japan,2000,Sear, 52.33 
Japan,2000,Wpr, 85.87 
Japan,2001,Not UN, 1.42 
Japan,2001,Afr, 26.61 
Japan,2001,Amr, 40.68 
Japan,2001,Emr, 4.40 
Japan,2001,Eur, 25.63 
Japan,2001,Sear, 45.58 
Japan,2001,Wpr, 43.79 
Japan,2002,Afr, 41.74 
Japan,2002,Amr, 6.26 
Japan,2002,Emr, 8.33 
Japan,2002,Eur, 20.42 
Japan,2002,Sear, 26.35 
Japan,2002,Wpr, 43.61 
Japan,2003,Multicount, 3.92 
Japan,2003,Not UN, 0.28 
Japan,2003,Afr, 59.18 
Japan,2003,Amr, 73.84 
Japan,2003,Emr, 26.99 
Japan,2003,Eur, 31.87 
Japan,2003,Sear, 39.83 
Japan,2003,Wpr, 89.24 
Japan,2004,Multicount, 12.43 
Japan,2004,Not UN, 0.16 
Japan,2004,Afr, 68.07 
Japan,2004,Amr, 69.23 
Japan,2004,Emr, 23.12 
Japan,2004,Eur, 16.20 
Japan,2004,Sear, 33.25 
Japan,2004,Wpr, 69.99 
Japan,2005,Multicount, 3.29 
Japan,2005,Not UN, 0.42 
Japan,2005,Afr, 77.97 
Japan,2005,Amr, 37.48 
Japan,2005,Emr, 30.94 
Japan,2005,Eur, 18.33 
Japan,2005,Sear, 34.06 
Japan,2005,Wpr, 98.20 
Japan,2006,Multicount, 2.39 
Japan,2006,Not UN, 8.64 
Japan,2006,Afr, 106.97 
Japan,2006,Amr, 46.06 
Japan,2006,Emr, 41.31 
Japan,2006,Eur, 12.75 
Japan,2006,Sear, 52.80 
Japan,2006,Wpr, 159.05 
Japan,2007,Multicount, 4.96 
Japan,2007,Not UN, 7.07 
Japan,2007,Afr, 113.78 
Japan,2007,Amr, 57.17 
Japan,2007,Emr, 126.42 
Japan,2007,Eur, 18.73 
Japan,2007,Sear, 31.32 
Japan,2007,Wpr, 131.66 
Japan,2008,Multicount, 14.72 
Japan,2008,Not UN, 16.07 
Japan,2008,Afr, 97.93 
Japan,2008,Amr, 51.09 
Japan,2008,Emr, 57.43 
Japan,2008,Eur, 15.70 
Japan,2008,Sear, 30.26 
Japan,2008,Wpr, 98.31 
Japan,2009,Multicount, 21.24 
Japan,2009,Not UN, 2.70 
Japan,2009,Afr, 130.36 
Japan,2009,Amr, 32.77 
Japan,2009,Emr, 66.09 
Japan,2009,Eur, 7.15 
Japan,2009,Sear, 32.67 
Japan,2009,Wpr, 65.31 
Japan,2010,Multicount, 17.85 
Japan,2010,Not UN, 1.90 
Japan,2010,Afr, 124.03 
Japan,2010,Amr, 29.30 
Japan,2010,Emr, 64.62 
Japan,2010,Eur, 9.62 
Japan,2010,Sear, 38.11 
Japan,2010,Wpr, 89.04 
Republic of Korea,2006,Multicount, 1.57 
Republic of Korea,2006,Afr, 2.24 
Republic of Korea,2006,Amr, 2.51 
Republic of Korea,2006,Emr, 7.69 
Republic of Korea,2006,Eur, 11.31 
Republic of Korea,2006,Sear, 2.25 
Republic of Korea,2006,Wpr, 5.49 
Republic of Korea,2007,Multicount, 3.04 
Republic of Korea,2007,Not UN, 0.43 
Republic of Korea,2007,Afr, 2.30 
Republic of Korea,2007,Amr, 5.53 
Republic of Korea,2007,Emr, 10.31 
Republic of Korea,2007,Eur, 6.63 
Republic of Korea,2007,Sear, 3.75 
Republic of Korea,2007,Wpr, 8.30 
Republic of Korea,2008,Multicount, 10.20 
Republic of Korea,2008,Afr, 7.98 
Republic of Korea,2008,Amr, 14.67 
Republic of Korea,2008,Emr, 5.80 
Republic of Korea,2008,Eur, 2.70 
Republic of Korea,2008,Sear, 7.06 
Republic of Korea,2008,Wpr, 10.03 
Republic of Korea,2009,Multicount, 11.83 
Republic of Korea,2009,Not UN, 0.10 
Republic of Korea,2009,Afr, 11.01 
Republic of Korea,2009,Amr, 15.37 
Republic of Korea,2009,Emr, 18.66 
Republic of Korea,2009,Eur, 14.92 
Republic of Korea,2009,Sear, 1.44 
Republic of Korea,2009,Wpr, 26.50 
Republic of Korea,2010,Multicount, 11.15 
Republic of Korea,2010,Not UN, 1.72 
Republic of Korea,2010,Afr, 11.53 
Republic of Korea,2010,Amr, 17.35 
Republic of Korea,2010,Emr, 19.19 
Republic of Korea,2010,Eur, 25.78 
Republic of Korea,2010,Sear, 5.95 
Republic of Korea,2010,Wpr, 31.23 
Kuwait,2010,Multicount, 0.06 
Kuwait,2010,Afr, 0.28 
Kuwait,2010,Amr,
Kuwait,2010,Emr, 14.65 
Kuwait,2010,Eur, 12.93 
Kuwait,2010,Sear, 0.08 
Kuwait,2010,Wpr, 5.02 
Luxembourg,2001,Afr,
Luxembourg,2001,Amr,
Luxembourg,2001,Emr,
Luxembourg,2001,Sear,
Luxembourg,2001,Wpr,
Luxembourg,2002,Multicount,
Luxembourg,2002,Afr,
Luxembourg,2002,Amr,
Luxembourg,2002,Wpr,
Luxembourg,2003,Multicount,
Luxembourg,2003,Afr,
Luxembourg,2003,Amr,
Luxembourg,2003,Emr,
Luxembourg,2003,Eur,
Luxembourg,2003,Wpr,
Luxembourg,2004,Multicount, 3.97 
Luxembourg,2004,Afr, 17.00 
Luxembourg,2004,Amr, 5.43 
Luxembourg,2004,Emr, 0.15 
Luxembourg,2004,Eur, 0.10 
Luxembourg,2004,Sear, 0.80 
Luxembourg,2004,Wpr, 12.34 
Luxembourg,2005,Multicount, 17.11 
Luxembourg,2005,Not UN, 0.30 
Luxembourg,2005,Afr, 14.22 
Luxembourg,2005,Amr, 5.34 
Luxembourg,2005,Emr, 0.16 
Luxembourg,2005,Eur, 1.15 
Luxembourg,2005,Sear, 0.20 
Luxembourg,2005,Wpr, 11.12 
Luxembourg,2006,Multicount, 1.46 
Luxembourg,2006,Not UN, 0.30 
Luxembourg,2006,Afr, 26.12 
Luxembourg,2006,Amr, 9.64 
Luxembourg,2006,Emr, 0.14 
Luxembourg,2006,Eur, 3.15 
Luxembourg,2006,Sear, 0.36 
Luxembourg,2006,Wpr, 9.69 
Luxembourg,2007,Multicount, 2.40 
Luxembourg,2007,Not UN, 0.20 
Luxembourg,2007,Afr, 27.90 
Luxembourg,2007,Amr, 10.78 
Luxembourg,2007,Emr, 1.09 
Luxembourg,2007,Eur, 1.55 
Luxembourg,2007,Sear, 0.93 
Luxembourg,2007,Wpr, 12.35 
Luxembourg,2008,Multicount, 1.16 
Luxembourg,2008,Not UN, 0.34 
Luxembourg,2008,Afr, 25.91 
Luxembourg,2008,Amr, 8.71 
Luxembourg,2008,Emr, 1.03 
Luxembourg,2008,Eur, 3.73 
Luxembourg,2008,Sear, 0.43 
Luxembourg,2008,Wpr, 13.45 
Luxembourg,2009,Multicount, 0.18 
Luxembourg,2009,Not UN, 2.52 
Luxembourg,2009,Afr, 26.17 
Luxembourg,2009,Amr, 7.44 
Luxembourg,2009,Emr, 0.25 
Luxembourg,2009,Eur, 0.73 
Luxembourg,2009,Sear, 0.93 
Luxembourg,2009,Wpr, 8.66 
Luxembourg,2010,Multicount, 21.83 
Luxembourg,2010,Not UN, 6.25 
Luxembourg,2010,Afr, 15.83 
Luxembourg,2010,Amr, 3.75 
Luxembourg,2010,Emr, 0.35 
Luxembourg,2010,Eur, 0.98 
Luxembourg,2010,Sear, 0.75 
Luxembourg,2010,Wpr, 11.17 
Netherlands,2000,Multicount,
Netherlands,2000,Not UN,
Netherlands,2000,Afr,
Netherlands,2000,Amr,
Netherlands,2000,Emr,
Netherlands,2000,Eur,
Netherlands,2000,Sear,
Netherlands,2000,Wpr,
Netherlands,2001,Multicount, 6.41 
Netherlands,2001,Not UN, 0.21 
Netherlands,2001,Afr, 148.34 
Netherlands,2001,Amr, 16.82 
Netherlands,2001,Emr, 23.87 
Netherlands,2001,Eur, 2.06 
Netherlands,2001,Sear, 26.22 
Netherlands,2001,Wpr, 9.30 
Netherlands,2002,Multicount, 37.92 
Netherlands,2002,Not UN, 0.27 
Netherlands,2002,Afr, 137.09 
Netherlands,2002,Amr, 19.39 
Netherlands,2002,Emr, 19.20 
Netherlands,2002,Eur, 5.76 
Netherlands,2002,Sear, 28.24 
Netherlands,2002,Wpr, 9.94 
Netherlands,2003,Multicount, 149.92 
Netherlands,2003,Afr, 86.73 
Netherlands,2003,Amr, 16.85 
Netherlands,2003,Emr, 8.18 
Netherlands,2003,Eur, 4.38 
Netherlands,2003,Sear, 22.03 
Netherlands,2003,Wpr, 5.79 
Netherlands,2004,Multicount, 143.95 
Netherlands,2004,Afr, 107.55 
Netherlands,2004,Amr, 13.56 
Netherlands,2004,Emr, 6.57 
Netherlands,2004,Eur, 2.30 
Netherlands,2004,Sear, 5.62 
Netherlands,2004,Wpr, 4.99 
Netherlands,2005,Multicount, 109.12 
Netherlands,2005,Not UN, 0.61 
Netherlands,2005,Afr, 87.23 
Netherlands,2005,Amr, 15.20 
Netherlands,2005,Emr, 12.55 
Netherlands,2005,Eur, 4.95 
Netherlands,2005,Sear, 9.97 
Netherlands,2005,Wpr, 8.01 
Netherlands,2006,Multicount, 129.29 
Netherlands,2006,Not UN, 0.54 
Netherlands,2006,Afr, 113.97 
Netherlands,2006,Amr, 12.82 
Netherlands,2006,Emr, 9.16 
Netherlands,2006,Eur, 1.28 
Netherlands,2006,Sear, 15.54 
Netherlands,2006,Wpr, 5.17 
Netherlands,2007,Multicount, 127.68 
Netherlands,2007,Not UN, 0.58 
Netherlands,2007,Afr, 127.71 
Netherlands,2007,Amr, 9.59 
Netherlands,2007,Emr, 11.42 
Netherlands,2007,Eur, 1.06 
Netherlands,2007,Sear, 21.32 
Netherlands,2007,Wpr, 19.17 
Netherlands,2008,Multicount, 168.72 
Netherlands,2008,Not UN, 0.36 
Netherlands,2008,Afr, 126.20 
Netherlands,2008,Amr, 19.45 
Netherlands,2008,Emr, 9.59 
Netherlands,2008,Eur, 4.62 
Netherlands,2008,Sear, 18.38 
Netherlands,2008,Wpr, 11.87 
Netherlands,2009,Multicount, 195.91 
Netherlands,2009,Not UN, 0.50 
Netherlands,2009,Afr, 111.91 
Netherlands,2009,Amr, 23.48 
Netherlands,2009,Emr, 11.02 
Netherlands,2009,Eur, 0.04 
Netherlands,2009,Sear, 3.28 
Netherlands,2009,Wpr, 11.82 
Netherlands,2010,Multicount, 160.11 
Netherlands,2010,Not UN, 0.07 
Netherlands,2010,Afr, 112.93 
Netherlands,2010,Amr, 20.44 
Netherlands,2010,Emr, 7.35 
Netherlands,2010,Eur, 0.16 
Netherlands,2010,Sear, 11.13 
Netherlands,2010,Wpr, 7.26 
New Zealand,2002,Multicount, 0.56 
New Zealand,2002,Not UN, 0.19 
New Zealand,2002,Afr, 0.59 
New Zealand,2002,Amr, 0.27 
New Zealand,2002,Emr, 0.25 
New Zealand,2002,Sear, 0.76 
New Zealand,2002,Wpr, 2.87 
New Zealand,2003,Multicount, 3.54 
New Zealand,2003,Not UN, 0.42 
New Zealand,2003,Afr, 0.72 
New Zealand,2003,Emr, 0.59 
New Zealand,2003,Sear, 0.20 
New Zealand,2003,Wpr, 4.81 
New Zealand,2004,Multicount, 2.43 
New Zealand,2004,Not UN, 0.17 
New Zealand,2004,Afr, 0.47 
New Zealand,2004,Emr, 0.42 
New Zealand,2004,Sear, 0.89 
New Zealand,2004,Wpr, 6.50 
New Zealand,2005,Multicount, 5.57 
New Zealand,2005,Afr, 1.18 
New Zealand,2005,Emr, 0.26 
New Zealand,2005,Sear, 1.38 
New Zealand,2005,Wpr, 7.62 
New Zealand,2006,Multicount, 6.90 
New Zealand,2006,Afr, 0.59 
New Zealand,2006,Sear, 0.65 
New Zealand,2006,Wpr, 10.61 
New Zealand,2007,Multicount, 5.56 
New Zealand,2007,Afr, 0.31 
New Zealand,2007,Sear, 0.73 
New Zealand,2007,Wpr, 4.47 
New Zealand,2008,Multicount, 7.82 
New Zealand,2008,Afr, 1.58 
New Zealand,2008,Sear, 0.23 
New Zealand,2008,Wpr, 7.97 
New Zealand,2009,Multicount, 9.95 
New Zealand,2009,Afr, 1.10 
New Zealand,2009,Emr, 0.25 
New Zealand,2009,Sear, 0.45 
New Zealand,2009,Wpr, 5.88 
New Zealand,2010,Multicount, 7.05 
New Zealand,2010,Afr, 1.29 
New Zealand,2010,Emr, 0.27 
New Zealand,2010,Sear, 1.13 
New Zealand,2010,Wpr, 12.51 
Norway,2000,Multicount,
Norway,2000,Not UN,
Norway,2000,Afr,
Norway,2000,Amr,
Norway,2000,Emr,
Norway,2000,Eur,
Norway,2000,Sear,
Norway,2000,Wpr,
Norway,2001,Multicount, 13.04 
Norway,2001,Not UN, 0.40 
Norway,2001,Afr, 36.16 
Norway,2001,Amr, 2.59 
Norway,2001,Emr, 6.87 
Norway,2001,Eur, 0.07 
Norway,2001,Sear, 4.34 
Norway,2001,Wpr, 1.78 
Norway,2002,Multicount, 48.82 
Norway,2002,Not UN, 3.09 
Norway,2002,Afr, 66.73 
Norway,2002,Amr, 4.57 
Norway,2002,Emr, 14.46 
Norway,2002,Eur, 3.08 
Norway,2002,Sear, 8.38 
Norway,2002,Wpr, 2.07 
Norway,2003,Multicount, 13.86 
Norway,2003,Not UN, 1.36 
Norway,2003,Afr, 77.36 
Norway,2003,Amr, 4.45 
Norway,2003,Emr, 11.66 
Norway,2003,Eur, 1.58 
Norway,2003,Sear, 3.63 
Norway,2003,Wpr, 2.67 
Norway,2004,Multicount, 33.96 
Norway,2004,Not UN, 5.05 
Norway,2004,Afr, 81.34 
Norway,2004,Amr, 4.49 
Norway,2004,Emr, 13.11 
Norway,2004,Eur, 4.68 
Norway,2004,Sear, 11.74 
Norway,2004,Wpr, 3.40 
Norway,2005,Multicount, 103.19 
Norway,2005,Not UN, 9.97 
Norway,2005,Afr, 83.37 
Norway,2005,Amr, 2.22 
Norway,2005,Emr, 15.09 
Norway,2005,Eur, 11.00 
Norway,2005,Sear, 12.59 
Norway,2005,Wpr, 3.23 
Norway,2006,Multicount, 145.81 
Norway,2006,Not UN, 13.24 
Norway,2006,Afr, 68.15 
Norway,2006,Amr, 3.53 
Norway,2006,Emr, 12.51 
Norway,2006,Eur, 7.83 
Norway,2006,Sear, 10.62 
Norway,2006,Wpr, 2.77 
Norway,2007,Multicount, 91.87 
Norway,2007,Not UN, 3.71 
Norway,2007,Afr, 78.87 
Norway,2007,Amr, 2.28 
Norway,2007,Emr, 7.55 
Norway,2007,Eur, 4.28 
Norway,2007,Sear, 17.55 
Norway,2007,Wpr, 2.59 
Norway,2008,Multicount, 112.10 
Norway,2008,Not UN, 1.79 
Norway,2008,Afr, 70.43 
Norway,2008,Amr, 1.97 
Norway,2008,Emr, 7.67 
Norway,2008,Eur, 3.41 
Norway,2008,Sear, 20.15 
Norway,2008,Wpr, 2.74 
Norway,2009,Multicount, 147.78 
Norway,2009,Not UN, 5.62 
Norway,2009,Afr, 70.10 
Norway,2009,Amr, 1.37 
Norway,2009,Emr, 20.79 
Norway,2009,Eur, 0.94 
Norway,2009,Sear, 11.87 
Norway,2009,Wpr, 2.42 
Norway,2010,Multicount, 79.39 
Norway,2010,Not UN, 7.98 
Norway,2010,Afr, 66.85 
Norway,2010,Amr, 1.65 
Norway,2010,Emr, 14.75 
Norway,2010,Eur, 1.36 
Norway,2010,Sear, 8.53 
Norway,2010,Wpr, 2.23 
OFID,2009,Multicount,
OFID,2009,Afr, 9.77 
OFID,2009,Emr, 6.89 
OFID,2009,Eur, 1.24 
OFID,2009,Sear,
OFID,2009,Wpr,
OFID,2010,Multicount, 7.63 
OFID,2010,Not UN, 0.79 
OFID,2010,Afr, 4.75 
OFID,2010,Amr, 0.25 
OFID,2010,Emr, 4.75 
OFID,2010,Eur, 5.39 
OFID,2010,Sear, 0.25 
OFID,2010,Wpr, -   
Portugal,2000,Multicount,
Portugal,2000,Afr, 0.34 
Portugal,2000,Amr,
Portugal,2000,Sear,
Portugal,2001,Multicount, 0.05 
Portugal,2001,Afr, 14.39 
Portugal,2001,Amr, 0.02 
Portugal,2001,Sear, 0.16 
Portugal,2002,Multicount, 0.04 
Portugal,2002,Afr, 12.77 
Portugal,2002,Sear, 0.10 
Portugal,2003,Afr, 11.04 
Portugal,2003,Sear, 0.21 
Portugal,2004,Multicount, 0.20 
Portugal,2004,Afr, 11.93 
Portugal,2004,Sear, 0.12 
Portugal,2005,Afr, 11.97 
Portugal,2005,Sear, 0.22 
Portugal,2006,Multicount, 0.26 
Portugal,2006,Afr, 11.67 
Portugal,2006,Sear, 0.18 
Portugal,2007,Multicount, 0.48 
Portugal,2007,Afr, 10.93 
Portugal,2007,Sear, 0.19 
Portugal,2008,Multicount, 0.27 
Portugal,2008,Afr, 6.92 
Portugal,2008,Amr, 0.42 
Portugal,2008,Sear, 0.33 
Portugal,2009,Multicount, 0.11 
Portugal,2009,Afr, 8.59 
Portugal,2009,Amr, 0.09 
Portugal,2009,Sear, 0.52 
Portugal,2010,Multicount, 0.47 
Portugal,2010,Afr, 12.00 
Portugal,2010,Amr, 0.05 
Portugal,2010,Emr, 0.00 
Portugal,2010,Sear, 0.36 
Spain,2000,Multicount, 4.43 
Spain,2000,Not UN, 4.58 
Spain,2000,Afr, 33.55 
Spain,2000,Amr, 86.73 
Spain,2000,Emr, 8.68 
Spain,2000,Eur, 4.05 
Spain,2000,Sear, 58.50 
Spain,2000,Wpr, 16.85 
Spain,2001,Multicount, 6.72 
Spain,2001,Not UN, 2.85 
Spain,2001,Afr, 54.05 
Spain,2001,Amr, 38.24 
Spain,2001,Emr, 6.80 
Spain,2001,Eur, 7.98 
Spain,2001,Sear, 53.51 
Spain,2001,Wpr, 11.79 
Spain,2002,Multicount, 11.45 
Spain,2002,Not UN, 2.67 
Spain,2002,Afr, 28.02 
Spain,2002,Amr, 46.70 
Spain,2002,Emr, 13.88 
Spain,2002,Eur, 2.32 
Spain,2002,Sear, 1.85 
Spain,2002,Wpr, 6.74 
Spain,2003,Multicount, 5.84 
Spain,2003,Not UN, 2.59 
Spain,2003,Afr, 47.04 
Spain,2003,Amr, 47.17 
Spain,2003,Emr, 9.33 
Spain,2003,Eur, 2.20 
Spain,2003,Sear, 1.30 
Spain,2003,Wpr, 18.54 
Spain,2004,Multicount, 8.75 
Spain,2004,Not UN, 3.32 
Spain,2004,Afr, 57.03 
Spain,2004,Amr, 46.63 
Spain,2004,Emr, 8.38 
Spain,2004,Eur, 1.14 
Spain,2004,Sear, 5.94 
Spain,2004,Wpr, 18.47 
Spain,2005,Multicount, 23.28 
Spain,2005,Not UN, 1.25 
Spain,2005,Afr, 63.45 
Spain,2005,Amr, 50.93 
Spain,2005,Emr, 17.61 
Spain,2005,Eur, 1.99 
Spain,2005,Sear, 10.26 
Spain,2005,Wpr, 12.13 
Spain,2006,Multicount, 32.08 
Spain,2006,Not UN, 6.56 
Spain,2006,Afr, 66.77 
Spain,2006,Amr, 48.23 
Spain,2006,Emr, 10.87 
Spain,2006,Eur, 0.47 
Spain,2006,Sear, 1.32 
Spain,2006,Wpr, 6.18 
Spain,2007,Multicount, 73.06 
Spain,2007,Not UN, 3.01 
Spain,2007,Afr, 81.80 
Spain,2007,Amr, 63.51 
Spain,2007,Emr, 16.10 
Spain,2007,Eur, 0.77 
Spain,2007,Sear, 2.19 
Spain,2007,Wpr, 6.68 
Spain,2008,Multicount, 110.33 
Spain,2008,Not UN, 4.23 
Spain,2008,Afr, 118.76 
Spain,2008,Amr, 116.40 
Spain,2008,Emr, 13.84 
Spain,2008,Eur, 2.08 
Spain,2008,Sear, 5.44 
Spain,2008,Wpr, 13.24 
Spain,2009,Multicount, 95.00 
Spain,2009,Not UN, 8.14 
Spain,2009,Afr, 103.75 
Spain,2009,Amr, 84.64 
Spain,2009,Emr, 28.73 
Spain,2009,Eur, 0.93 
Spain,2009,Sear, 0.75 
Spain,2009,Wpr, 14.11 
Spain,2010,Multicount, 67.72 
Spain,2010,Not UN, 4.85 
Spain,2010,Afr, 78.10 
Spain,2010,Amr, 87.87 
Spain,2010,Emr, 13.73 
Spain,2010,Eur, 0.54 
Spain,2010,Sear, 1.43 
Spain,2010,Wpr, 7.38 
Sweden,2000,Multicount, 24.68 
Sweden,2000,Not UN, 3.08 
Sweden,2000,Afr, 18.87 
Sweden,2000,Amr, 11.70 
Sweden,2000,Emr, 0.32 
Sweden,2000,Eur, 1.46 
Sweden,2000,Sear, 1.65 
Sweden,2000,Wpr, 10.60 
Sweden,2001,Multicount, 52.39 
Sweden,2001,Not UN, 3.00 
Sweden,2001,Afr, 34.17 
Sweden,2001,Amr, 10.66 
Sweden,2001,Emr, 0.93 
Sweden,2001,Eur, 4.18 
Sweden,2001,Sear, 8.45 
Sweden,2001,Wpr, 12.84 
Sweden,2002,Multicount, 39.61 
Sweden,2002,Not UN, 3.44 
Sweden,2002,Afr, 32.04 
Sweden,2002,Amr, 9.98 
Sweden,2002,Emr, 0.13 
Sweden,2002,Eur, 3.89 
Sweden,2002,Sear, 8.68 
Sweden,2002,Wpr, 7.46 
Sweden,2003,Multicount, 45.35 
Sweden,2003,Not UN, 3.51 
Sweden,2003,Afr, 36.54 
Sweden,2003,Amr, 8.19 
Sweden,2003,Emr, 1.55 
Sweden,2003,Eur, 3.49 
Sweden,2003,Sear, 11.42 
Sweden,2003,Wpr, 4.86 
Sweden,2004,Multicount, 74.79 
Sweden,2004,Not UN, 3.19 
Sweden,2004,Afr, 53.87 
Sweden,2004,Amr, 8.32 
Sweden,2004,Eur, 1.77 
Sweden,2004,Sear, 12.75 
Sweden,2004,Wpr, 6.09 
Sweden,2005,Multicount, 108.28 
Sweden,2005,Not UN, 3.14 
Sweden,2005,Afr, 66.78 
Sweden,2005,Amr, 8.96 
Sweden,2005,Emr, 0.02 
Sweden,2005,Eur, 5.12 
Sweden,2005,Sear, 7.09 
Sweden,2005,Wpr, 7.01 
Sweden,2006,Multicount, 107.38 
Sweden,2006,Not UN, 4.20 
Sweden,2006,Afr, 94.01 
Sweden,2006,Amr, 14.64 
Sweden,2006,Emr, 2.51 
Sweden,2006,Eur, 11.38 
Sweden,2006,Sear, 19.66 
Sweden,2006,Wpr, 7.70 
Sweden,2007,Multicount, 116.52 
Sweden,2007,Not UN, 2.85 
Sweden,2007,Afr, 79.58 
Sweden,2007,Amr, 13.13 
Sweden,2007,Emr, 5.51 
Sweden,2007,Eur, 14.13 
Sweden,2007,Sear, 27.56 
Sweden,2007,Wpr, 6.84 
Sweden,2008,Multicount, 91.72 
Sweden,2008,Not UN, 3.99 
Sweden,2008,Afr, 60.41 
Sweden,2008,Amr, 12.33 
Sweden,2008,Emr, 5.89 
Sweden,2008,Eur, 12.91 
Sweden,2008,Sear, 30.08 
Sweden,2008,Wpr, 6.21 
Sweden,2009,Multicount, 110.03 
Sweden,2009,Not UN, 4.16 
Sweden,2009,Afr, 45.60 
Sweden,2009,Amr, 10.04 
Sweden,2009,Emr, 4.90 
Sweden,2009,Eur, 10.67 
Sweden,2009,Sear, 24.81 
Sweden,2009,Wpr, 2.24 
Sweden,2010,Multicount, 107.35 
Sweden,2010,Not UN, 0.11 
Sweden,2010,Afr, 42.15 
Sweden,2010,Amr, 3.89 
Sweden,2010,Emr, 11.02 
Sweden,2010,Eur, 3.62 
Sweden,2010,Sear, 12.71 
Sweden,2010,Wpr, 1.76 
Switzerland,2000,Multicount,
Switzerland,2000,Not UN,
Switzerland,2000,Afr,
Switzerland,2000,Amr,
Switzerland,2000,Emr,
Switzerland,2000,Eur,
Switzerland,2000,Sear,
Switzerland,2001,Multicount,
Switzerland,2001,Afr,
Switzerland,2001,Amr,
Switzerland,2001,Emr,
Switzerland,2001,Eur,
Switzerland,2001,Sear,
Switzerland,2001,Wpr,
Switzerland,2002,Multicount, 14.26 
Switzerland,2002,Not UN, 0.06 
Switzerland,2002,Afr, 24.94 
Switzerland,2002,Amr, 0.18 
Switzerland,2002,Emr, 1.42 
Switzerland,2002,Eur, 7.29 
Switzerland,2002,Sear, 1.26 
Switzerland,2002,Wpr, 2.90 
Switzerland,2003,Multicount, 9.98 
Switzerland,2003,Not UN, 1.54 
Switzerland,2003,Afr, 25.30 
Switzerland,2003,Amr, 0.36 
Switzerland,2003,Emr, 0.56 
Switzerland,2003,Eur, 8.78 
Switzerland,2003,Sear, 2.80 
Switzerland,2003,Wpr, 2.65 
Switzerland,2004,Multicount, 9.50 
Switzerland,2004,Not UN, 1.00 
Switzerland,2004,Afr, 28.23 
Switzerland,2004,Amr, 0.45 
Switzerland,2004,Emr, 0.72 
Switzerland,2004,Eur, 7.79 
Switzerland,2004,Sear, 1.14 
Switzerland,2004,Wpr, 3.43 
Switzerland,2005,Multicount, 7.72 
Switzerland,2005,Not UN, 1.35 
Switzerland,2005,Afr, 28.08 
Switzerland,2005,Amr, 1.97 
Switzerland,2005,Emr, 3.47 
Switzerland,2005,Eur, 9.43 
Switzerland,2005,Sear, 1.15 
Switzerland,2005,Wpr, 4.21 
Switzerland,2006,Multicount, 6.29 
Switzerland,2006,Not UN, 1.95 
Switzerland,2006,Afr, 25.56 
Switzerland,2006,Amr, 1.43 
Switzerland,2006,Emr, 2.04 
Switzerland,2006,Eur, 12.53 
Switzerland,2006,Sear, 0.64 
Switzerland,2006,Wpr, 2.56 
Switzerland,2007,Multicount, 5.82 
Switzerland,2007,Not UN, 0.73 
Switzerland,2007,Afr, 21.69 
Switzerland,2007,Amr, 0.64 
Switzerland,2007,Emr, 4.40 
Switzerland,2007,Eur, 12.50 
Switzerland,2007,Sear, 0.68 
Switzerland,2007,Wpr, 3.28 
Switzerland,2008,Multicount, 11.32 
Switzerland,2008,Not UN, 1.64 
Switzerland,2008,Afr, 23.48 
Switzerland,2008,Amr, 0.87 
Switzerland,2008,Emr, 2.53 
Switzerland,2008,Eur, 12.91 
Switzerland,2008,Sear, 1.26 
Switzerland,2008,Wpr, 3.70 
Switzerland,2009,Multicount, 12.58 
Switzerland,2009,Not UN, 1.18 
Switzerland,2009,Afr, 28.26 
Switzerland,2009,Amr, 2.19 
Switzerland,2009,Emr, 1.87 
Switzerland,2009,Eur, 13.43 
Switzerland,2009,Sear, 2.25 
Switzerland,2009,Wpr, 4.09 
Switzerland,2010,Multicount, 9.07 
Switzerland,2010,Not UN, 2.16 
Switzerland,2010,Afr, 23.64 
Switzerland,2010,Amr, 1.02 
Switzerland,2010,Emr, 0.93 
Switzerland,2010,Eur, 14.53 
Switzerland,2010,Sear, 0.97 
Switzerland,2010,Wpr, 2.90 
UNAIDS,2001,Multicount, 88.99 
UNAIDS,2001,Afr, 26.41 
UNAIDS,2001,Amr, 6.30 
UNAIDS,2001,Emr, 1.21 
UNAIDS,2001,Eur, 0.57 
UNAIDS,2001,Sear, 3.41 
UNAIDS,2001,Wpr, 2.94 
UNAIDS,2002,Multicount, 66.71 
UNAIDS,2002,Afr, 13.21 
UNAIDS,2002,Amr, 3.65 
UNAIDS,2002,Emr, 1.36 
UNAIDS,2002,Eur, 0.73 
UNAIDS,2002,Sear, 3.68 
UNAIDS,2002,Wpr, 3.14 
UNAIDS,2003,Multicount, 128.05 
UNAIDS,2003,Afr, 18.70 
UNAIDS,2003,Amr, 4.31 
UNAIDS,2003,Emr, 1.71 
UNAIDS,2003,Eur, 0.94 
UNAIDS,2003,Sear, 4.74 
UNAIDS,2003,Wpr, 3.33 
UNAIDS,2004,Multicount, 151.67 
UNAIDS,2004,Afr, 4.53 
UNAIDS,2004,Amr, 1.32 
UNAIDS,2004,Emr, 0.12 
UNAIDS,2004,Eur, 0.35 
UNAIDS,2004,Sear, 0.30 
UNAIDS,2004,Wpr, 0.14 
UNAIDS,2005,Multicount, 102.91 
UNAIDS,2005,Afr, 17.16 
UNAIDS,2005,Amr, 5.84 
UNAIDS,2005,Emr, 2.10 
UNAIDS,2005,Eur, 2.75 
UNAIDS,2005,Sear, 4.62 
UNAIDS,2005,Wpr, 3.65 
UNAIDS,2006,Multicount, 161.82 
UNAIDS,2006,Afr, 20.20 
UNAIDS,2006,Amr, 5.72 
UNAIDS,2006,Emr, 2.29 
UNAIDS,2006,Eur, 2.09 
UNAIDS,2006,Sear, 4.79 
UNAIDS,2006,Wpr, 2.48 
UNAIDS,2007,Multicount, 59.81 
UNAIDS,2007,Afr, 35.43 
UNAIDS,2007,Amr, 13.98 
UNAIDS,2007,Emr, 5.70 
UNAIDS,2007,Eur, 3.34 
UNAIDS,2007,Sear, 9.75 
UNAIDS,2007,Wpr, 7.74 
UNAIDS,2008,Multicount, 96.78 
UNAIDS,2008,Afr, 19.37 
UNAIDS,2008,Amr, 6.72 
UNAIDS,2008,Emr, 2.43 
UNAIDS,2008,Eur, 2.73 
UNAIDS,2008,Sear, 4.79 
UNAIDS,2008,Wpr, 4.89 
UNAIDS,2009,Multicount, 128.25 
UNAIDS,2009,Not UN, 0.06 
UNAIDS,2009,Afr, 25.28 
UNAIDS,2009,Amr, 6.66 
UNAIDS,2009,Emr, 3.72 
UNAIDS,2009,Eur, 2.84 
UNAIDS,2009,Sear, 4.42 
UNAIDS,2009,Wpr, 4.45 
UNAIDS,2010,Multicount, 111.98 
UNAIDS,2010,Not UN, 0.07 
UNAIDS,2010,Afr, 26.63 
UNAIDS,2010,Amr, 8.11 
UNAIDS,2010,Emr, 3.28 
UNAIDS,2010,Eur, 3.09 
UNAIDS,2010,Sear, 4.67 
UNAIDS,2010,Wpr, 4.62 
UNDP,2004,Multicount, 0.03 
UNDP,2004,Afr, 13.32 
UNDP,2004,Amr, 0.11 
UNDP,2004,Emr, 0.20 
UNDP,2004,Eur, 0.58 
UNDP,2004,Sear, 2.90 
UNDP,2004,Wpr, 1.07 
UNDP,2005,Multicount, 0.16 
UNDP,2005,Afr, 17.00 
UNDP,2005,Amr, 0.51 
UNDP,2005,Emr, 0.57 
UNDP,2005,Eur, 0.88 
UNDP,2005,Sear, 0.60 
UNDP,2005,Wpr, 0.95 
UNDP,2006,Multicount, 0.16 
UNDP,2006,Afr, 17.63 
UNDP,2006,Amr, 0.87 
UNDP,2006,Emr, 1.82 
UNDP,2006,Eur, 1.07 
UNDP,2006,Sear, 0.44 
UNDP,2006,Wpr, 1.41 
UNDP,2007,Not UN, 0.00 
UNDP,2007,Afr, 11.18 
UNDP,2007,Amr, 0.19 
UNDP,2007,Emr, 0.92 
UNDP,2007,Eur, 1.09 
UNDP,2007,Sear, 0.60 
UNDP,2007,Wpr, 1.01 
UNDP,2008,Not UN, 0.01 
UNDP,2008,Afr, 10.92 
UNDP,2008,Amr, 0.00 
UNDP,2008,Emr, 0.76 
UNDP,2008,Eur, 1.03 
UNDP,2008,Sear, 1.32 
UNDP,2008,Wpr, 0.76 
UNDP,2009,Multicount, 1.51 
UNDP,2009,Not UN, 0.29 
UNDP,2009,Afr, 19.28 
UNDP,2009,Amr, 0.09 
UNDP,2009,Emr, 0.43 
UNDP,2009,Eur, 1.72 
UNDP,2009,Sear, 5.64 
UNDP,2009,Wpr, 0.41 
UNDP,2010,Multicount, 2.74 
UNDP,2010,Not UN, 0.06 
UNDP,2010,Afr, 13.58 
UNDP,2010,Amr, 0.02 
UNDP,2010,Emr, 0.57 
UNDP,2010,Eur, 0.95 
UNDP,2010,Sear, 3.35 
UNDP,2010,Wpr, 0.35 
UNECE,2008,Multicount, 0.31 
UNECE,2009,Multicount, 0.18 
UNECE,2010,Multicount, 0.10 
UNFPA,2001,Multicount, 70.19 
UNFPA,2001,Not UN, 1.64 
UNFPA,2001,Afr, 89.07 
UNFPA,2001,Amr, 25.35 
UNFPA,2001,Emr, 37.83 
UNFPA,2001,Eur, 8.47 
UNFPA,2001,Sear, 44.96 
UNFPA,2001,Wpr, 26.79 
UNFPA,2002,Multicount, 79.79 
UNFPA,2002,Not UN, 1.40 
UNFPA,2002,Afr, 111.34 
UNFPA,2002,Amr, 58.92 
UNFPA,2002,Emr, 37.29 
UNFPA,2002,Eur, 8.91 
UNFPA,2002,Sear, 50.28 
UNFPA,2002,Wpr, 28.50 
UNFPA,2003,Multicount, 129.77 
UNFPA,2003,Not UN, 1.88 
UNFPA,2003,Afr, 139.86 
UNFPA,2003,Amr, 44.17 
UNFPA,2003,Emr, 40.85 
UNFPA,2003,Eur, 9.62 
UNFPA,2003,Sear, 64.66 
UNFPA,2003,Wpr, 29.54 
UNFPA,2004,Multicount, 13.67 
UNFPA,2004,Not UN, 1.46 
UNFPA,2004,Afr, 89.30 
UNFPA,2004,Amr, 22.02 
UNFPA,2004,Emr, 28.84 
UNFPA,2004,Eur, 7.66 
UNFPA,2004,Sear, 41.76 
UNFPA,2004,Wpr, 24.04 
UNFPA,2005,Multicount, 13.42 
UNFPA,2005,Not UN, 1.21 
UNFPA,2005,Afr, 86.39 
UNFPA,2005,Amr, 20.83 
UNFPA,2005,Emr, 30.56 
UNFPA,2005,Eur, 9.14 
UNFPA,2005,Sear, 44.36 
UNFPA,2005,Wpr, 25.55 
UNFPA,2006,Multicount, 14.67 
UNFPA,2006,Not UN, 1.50 
UNFPA,2006,Afr, 88.74 
UNFPA,2006,Amr, 20.66 
UNFPA,2006,Emr, 33.55 
UNFPA,2006,Eur, 9.28 
UNFPA,2006,Sear, 44.48 
UNFPA,2006,Wpr, 23.41 
UNFPA,2007,Multicount, 1.75 
UNFPA,2007,Not UN, 2.42 
UNFPA,2007,Afr, 91.95 
UNFPA,2007,Amr, 20.63 
UNFPA,2007,Emr, 32.86 
UNFPA,2007,Eur, 9.17 
UNFPA,2007,Sear, 40.10 
UNFPA,2007,Wpr, 23.65 
UNFPA,2008,Multicount, 2.36 
UNFPA,2008,Not UN, 1.66 
UNFPA,2008,Afr, 129.33 
UNFPA,2008,Amr, 25.82 
UNFPA,2008,Emr, 34.11 
UNFPA,2008,Eur, 10.56 
UNFPA,2008,Sear, 39.11 
UNFPA,2008,Wpr, 24.64 
UNFPA,2009,Multicount, 80.04 
UNFPA,2009,Not UN, 2.67 
UNFPA,2009,Afr, 127.12 
UNFPA,2009,Amr, 25.51 
UNFPA,2009,Emr, 39.55 
UNFPA,2009,Eur, 9.43 
UNFPA,2009,Sear, 43.60 
UNFPA,2009,Wpr, 20.59 
UNFPA,2010,Multicount, 265.49 
UNFPA,2010,Not UN, 4.67 
UNFPA,2010,Afr, 260.31 
UNFPA,2010,Amr, 81.58 
UNFPA,2010,Emr, 75.84 
UNFPA,2010,Eur, 19.37 
UNFPA,2010,Sear, 58.64 
UNFPA,2010,Wpr, 41.30 
UNICEF,2000,Multicount, 0.33 
UNICEF,2000,Not UN, 0.30 
UNICEF,2000,Afr, 89.32 
UNICEF,2000,Amr, 8.22 
UNICEF,2000,Emr, 27.34 
UNICEF,2000,Eur, 7.71 
UNICEF,2000,Sear, 32.85 
UNICEF,2000,Wpr, 23.07 
UNICEF,2001,Multicount, 12.55 
UNICEF,2001,Not UN, 0.11 
UNICEF,2001,Afr, 102.21 
UNICEF,2001,Amr, 7.54 
UNICEF,2001,Emr, 29.40 
UNICEF,2001,Eur, 6.29 
UNICEF,2001,Sear, 33.32 
UNICEF,2001,Wpr, 18.51 
UNICEF,2002,Multicount, 9.22 
UNICEF,2002,Not UN, 0.23 
UNICEF,2002,Afr, 93.16 
UNICEF,2002,Amr, 7.68 
UNICEF,2002,Emr, 20.72 
UNICEF,2002,Eur, 5.37 
UNICEF,2002,Sear, 31.41 
UNICEF,2002,Wpr, 14.97 
UNICEF,2003,Multicount, 7.81 
UNICEF,2003,Not UN, 0.50 
UNICEF,2003,Afr, 86.22 
UNICEF,2003,Amr, 5.86 
UNICEF,2003,Emr, 23.62 
UNICEF,2003,Eur, 5.80 
UNICEF,2003,Sear, 27.36 
UNICEF,2003,Wpr, 12.85 
UNICEF,2004,Multicount, 6.95 
UNICEF,2004,Not UN, 0.01 
UNICEF,2004,Afr, 84.34 
UNICEF,2004,Amr, 8.07 
UNICEF,2004,Emr, 23.43 
UNICEF,2004,Eur, 5.88 
UNICEF,2004,Sear, 25.83 
UNICEF,2004,Wpr, 13.36 
UNICEF,2005,Multicount, 10.57 
UNICEF,2005,Not UN, 0.18 
UNICEF,2005,Afr, 98.69 
UNICEF,2005,Amr, 8.50 
UNICEF,2005,Emr, 28.32 
UNICEF,2005,Eur, 6.14 
UNICEF,2005,Sear, 33.85 
UNICEF,2005,Wpr, 13.63 
UNICEF,2006,Multicount, 1.41 
UNICEF,2006,Not UN, 0.30 
UNICEF,2006,Afr, 89.02 
UNICEF,2006,Amr, 4.02 
UNICEF,2006,Emr, 18.45 
UNICEF,2006,Eur, 5.15 
UNICEF,2006,Sear, 29.49 
UNICEF,2006,Wpr, 6.87 
UNICEF,2007,Multicount, 2.32 
UNICEF,2007,Not UN, 0.90 
UNICEF,2007,Afr, 93.72 
UNICEF,2007,Amr, 3.97 
UNICEF,2007,Emr, 16.24 
UNICEF,2007,Eur, 4.10 
UNICEF,2007,Sear, 21.13 
UNICEF,2007,Wpr, 5.23 
UNICEF,2008,Multicount, 1.13 
UNICEF,2008,Not UN, 0.28 
UNICEF,2008,Afr, 82.38 
UNICEF,2008,Amr, 1.94 
UNICEF,2008,Emr, 19.60 
UNICEF,2008,Eur, 2.35 
UNICEF,2008,Sear, 17.78 
UNICEF,2008,Wpr, 4.68 
UNICEF,2009,Multicount, 2.20 
UNICEF,2009,Not UN, 1.12 
UNICEF,2009,Afr, 123.15 
UNICEF,2009,Amr, 2.89 
UNICEF,2009,Emr, 18.97 
UNICEF,2009,Eur, 4.25 
UNICEF,2009,Sear, 24.02 
UNICEF,2009,Wpr, 6.98 
UNICEF,2010,Multicount, 2.15 
UNICEF,2010,Not UN, 0.57 
UNICEF,2010,Afr, 123.88 
UNICEF,2010,Amr, 2.64 
UNICEF,2010,Emr, 24.28 
UNICEF,2010,Eur, 2.64 
UNICEF,2010,Sear, 20.26 
UNICEF,2010,Wpr, 5.65 
United Arab Emirates,2009,Multicount, 2.18 
United Arab Emirates,2009,Not UN, 3.23 
United Arab Emirates,2009,Afr, 0.03 
United Arab Emirates,2009,Emr, 75.12 
United Arab Emirates,2009,Eur, 21.59 
United Arab Emirates,2009,Sear, 0.57 
United Arab Emirates,2010,Multicount, 13.51 
United Arab Emirates,2010,Not UN, 1.60 
United Arab Emirates,2010,Afr, 3.61 
United Arab Emirates,2010,Amr, 0.59 
United Arab Emirates,2010,Emr, 9.94 
United Arab Emirates,2010,Eur, 10.95 
United Arab Emirates,2010,Sear, 0.56 
United Arab Emirates,2010,Wpr, 0.10 
United Kingdom,2000,Multicount, 25.87 
United Kingdom,2000,Not UN, 5.25 
United Kingdom,2000,Afr, 95.58 
United Kingdom,2000,Amr, 7.36 
United Kingdom,2000,Emr, 9.30 
United Kingdom,2000,Eur, 3.99 
United Kingdom,2000,Sear, 89.24 
United Kingdom,2000,Wpr, 5.41 
United Kingdom,2001,Multicount, 52.75 
United Kingdom,2001,Not UN, 8.31 
United Kingdom,2001,Afr, 104.26 
United Kingdom,2001,Amr, 11.96 
United Kingdom,2001,Emr, 8.61 
United Kingdom,2001,Eur, 7.49 
United Kingdom,2001,Sear, 78.70 
United Kingdom,2001,Wpr, 8.17 
United Kingdom,2002,Multicount, 164.81 
United Kingdom,2002,Not UN, 7.48 
United Kingdom,2002,Afr, 150.53 
United Kingdom,2002,Amr, 7.62 
United Kingdom,2002,Emr, 20.14 
United Kingdom,2002,Eur, 3.96 
United Kingdom,2002,Sear, 141.97 
United Kingdom,2002,Wpr, 23.30 
United Kingdom,2003,Multicount, 76.33 
United Kingdom,2003,Not UN, 7.47 
United Kingdom,2003,Afr, 169.25 
United Kingdom,2003,Amr, 5.35 
United Kingdom,2003,Emr, 22.20 
United Kingdom,2003,Eur, 2.62 
United Kingdom,2003,Sear, 116.85 
United Kingdom,2003,Wpr, 18.85 
United Kingdom,2004,Multicount, 99.31 
United Kingdom,2004,Not UN, 4.49 
United Kingdom,2004,Afr, 173.55 
United Kingdom,2004,Amr, 2.65 
United Kingdom,2004,Emr, 45.06 
United Kingdom,2004,Eur, 3.64 
United Kingdom,2004,Sear, 73.66 
United Kingdom,2004,Wpr, 34.72 
United Kingdom,2005,Multicount, 81.57 
United Kingdom,2005,Not UN, 3.36 
United Kingdom,2005,Afr, 208.81 
United Kingdom,2005,Amr, 1.59 
United Kingdom,2005,Emr, 68.50 
United Kingdom,2005,Eur, 5.49 
United Kingdom,2005,Sear, 212.65 
United Kingdom,2005,Wpr, 35.18 
United Kingdom,2006,Multicount, 271.94 
United Kingdom,2006,Not UN, 1.95 
United Kingdom,2006,Afr, 280.94 
United Kingdom,2006,Amr, 1.89 
United Kingdom,2006,Emr, 69.05 
United Kingdom,2006,Eur, 8.38 
United Kingdom,2006,Sear, 138.84 
United Kingdom,2006,Wpr, 29.92 
United Kingdom,2007,Multicount, 252.64 
United Kingdom,2007,Not UN, 2.26 
United Kingdom,2007,Afr, 281.93 
United Kingdom,2007,Amr, 1.73 
United Kingdom,2007,Emr, 36.82 
United Kingdom,2007,Eur, 7.21 
United Kingdom,2007,Sear, 273.85 
United Kingdom,2007,Wpr, 39.48 
United Kingdom,2008,Multicount, 159.44 
United Kingdom,2008,Not UN, 3.36 
United Kingdom,2008,Afr, 332.26 
United Kingdom,2008,Amr, 1.00 
United Kingdom,2008,Emr, 90.17 
United Kingdom,2008,Eur, 2.96 
United Kingdom,2008,Sear, 248.06 
United Kingdom,2008,Wpr, 40.74 
United Kingdom,2009,Multicount, 317.30 
United Kingdom,2009,Not UN, 1.59 
United Kingdom,2009,Afr, 428.91 
United Kingdom,2009,Amr, 0.50 
United Kingdom,2009,Emr, 17.88 
United Kingdom,2009,Eur, 2.59 
United Kingdom,2009,Sear, 271.53 
United Kingdom,2009,Wpr, 48.26 
United Kingdom,2010,Multicount, 411.38 
United Kingdom,2010,Not UN, 3.84 
United Kingdom,2010,Afr, 441.93 
United Kingdom,2010,Amr, 4.13 
United Kingdom,2010,Emr, 7.39 
United Kingdom,2010,Eur, 1.95 
United Kingdom,2010,Sear, 279.08 
United Kingdom,2010,Wpr, 38.54 
United States of America,2000,Multicount,
United States of America,2000,Not UN,
United States of America,2000,Afr,
United States of America,2000,Amr,
United States of America,2000,Emr,
United States of America,2000,Eur,
United States of America,2000,Sear,
United States of America,2000,Wpr,
United States of America,2001,Multicount,
United States of America,2001,Not UN,
United States of America,2001,Afr,
United States of America,2001,Amr,
United States of America,2001,Emr,
United States of America,2001,Eur,
United States of America,2001,Sear,
United States of America,2001,Wpr,
United States of America,2002,Multicount, 941.50 
United States of America,2002,Not UN, 5.37 
United States of America,2002,Afr, 324.45 
United States of America,2002,Amr, 107.51 
United States of America,2002,Emr, 95.25 
United States of America,2002,Eur, 37.71 
United States of America,2002,Sear, 125.84 
United States of America,2002,Wpr, 26.64 
United States of America,2003,Multicount," 1,151.30 "
United States of America,2003,Not UN, 23.66 
United States of America,2003,Afr, 566.89 
United States of America,2003,Amr, 149.10 
United States of America,2003,Emr, 116.19 
United States of America,2003,Eur, 46.28 
United States of America,2003,Sear, 193.30 
United States of America,2003,Wpr, 71.17 
United States of America,2004,Multicount, 770.16 
United States of America,2004,Not UN, 43.71 
United States of America,2004,Afr, 768.20 
United States of America,2004,Amr, 164.28 
United States of America,2004,Emr, 248.05 
United States of America,2004,Eur, 51.38 
United States of America,2004,Sear, 185.09 
United States of America,2004,Wpr, 95.23 
United States of America,2005,Multicount," 1,320.74 "
United States of America,2005,Not UN, 25.69 
United States of America,2005,Afr, 877.98 
United States of America,2005,Amr, 155.03 
United States of America,2005,Emr, 631.53 
United States of America,2005,Eur, 72.03 
United States of America,2005,Sear, 167.17 
United States of America,2005,Wpr, 134.68 
United States of America,2006,Multicount," 1,502.99 "
United States of America,2006,Not UN, 16.72 
United States of America,2006,Afr," 1,192.09 "
United States of America,2006,Amr, 189.82 
United States of America,2006,Emr, 539.49 
United States of America,2006,Eur, 81.71 
United States of America,2006,Sear, 161.69 
United States of America,2006,Wpr, 119.32 
United States of America,2007,Multicount," 1,671.66 "
United States of America,2007,Not UN, 42.68 
United States of America,2007,Afr," 1,597.59 "
United States of America,2007,Amr, 221.26 
United States of America,2007,Emr, 447.04 
United States of America,2007,Eur, 72.15 
United States of America,2007,Sear, 168.83 
United States of America,2007,Wpr, 127.28 
United States of America,2008,Multicount," 1,790.54 "
United States of America,2008,Not UN, 25.38 
United States of America,2008,Afr," 2,641.92 "
United States of America,2008,Amr, 222.45 
United States of America,2008,Emr, 305.44 
United States of America,2008,Eur, 57.78 
United States of America,2008,Sear, 177.24 
United States of America,2008,Wpr, 148.01 
United States of America,2009,Multicount," 1,981.85 "
United States of America,2009,Not UN, 11.45 
United States of America,2009,Afr," 3,114.36 "
United States of America,2009,Amr, 223.33 
United States of America,2009,Emr, 363.43 
United States of America,2009,Eur, 50.71 
United States of America,2009,Sear, 162.97 
United States of America,2009,Wpr, 171.88 
United States of America,2010,Multicount," 2,045.01 "
United States of America,2010,Not UN, 23.95 
United States of America,2010,Afr," 3,313.61 "
United States of America,2010,Amr, 239.81 
United States of America,2010,Emr, 321.36 
United States of America,2010,Eur, 43.07 
United States of America,2010,Sear, 156.63 
United States of America,2010,Wpr, 167.80 
UNPBF,2009,Afr, 0.38 
UNPBF,2010,Afr, 0.50 
UNRWA,2005,Not UN, 35.57 
UNRWA,2005,Emr, 37.28 
UNRWA,2006,Not UN, 39.05 
UNRWA,2006,Emr, 38.17 
UNRWA,2007,Not UN, 39.47 
UNRWA,2007,Emr, 41.84 
UNRWA,2008,Not UN, 42.50 
UNRWA,2008,Emr, 40.19 
UNRWA,2009,Not UN, 42.72 
UNRWA,2009,Emr, 44.79 
UNRWA,2010,Not UN, 51.31 
UNRWA,2010,Emr, 46.24 
WFP,2009,Not UN, 0.03 
WFP,2009,Afr, 18.99 
WFP,2009,Amr, 0.88 
WFP,2009,Emr, 2.77 
WFP,2009,Eur, 0.11 
WFP,2009,Sear, 15.14 
WFP,2009,Wpr, 2.38 
WFP,2010,Not UN, 0.08 
WFP,2010,Afr, 14.12 
WFP,2010,Amr, 1.54 
WFP,2010,Emr, 3.40 
WFP,2010,Eur, 0.30 
WFP,2010,Sear, 12.33 
WFP,2010,Wpr, 2.54 
WHO,2009,Multicount, 418.50 
WHO,2010,Multicount, 354.13 
