Donor,Year,Purpose,"Disbursements, Million, constant 2010 US$"
AfDB,2011,HEALTH POLICY & ADMIN. MANAGEMENT, 0.66 
AfDB,2011,Other Health Purposes, 0.95 
AfDF,2001,MDG6, 0.48 
AfDF,2001,HEALTH POLICY & ADMIN. MANAGEMENT, 40.44 
AfDF,2001,Other Health Purposes, 7.05 
AfDF,2002,MDG6, 4.67 
AfDF,2002,HEALTH POLICY & ADMIN. MANAGEMENT, 72.76 
AfDF,2002,Other Health Purposes, 9.18 
AfDF,2003,MDG6, 2.42 
AfDF,2003,HEALTH POLICY & ADMIN. MANAGEMENT, 36.92 
AfDF,2003,Other Health Purposes, 2.31 
AfDF,2004,MDG6, 2.09 
AfDF,2004,HEALTH POLICY & ADMIN. MANAGEMENT, 64.32 
AfDF,2004,Other Health Purposes, 16.37 
AfDF,2005,MDG6, 4.49 
AfDF,2005,HEALTH POLICY & ADMIN. MANAGEMENT, 62.36 
AfDF,2005,Other Health Purposes, 0.05 
AfDF,2006,MDG6, 13.04 
AfDF,2006,HEALTH POLICY & ADMIN. MANAGEMENT, 73.99 
AfDF,2006,Other Health Purposes, 0.04 
AfDF,2006,RH & FP, -   
AfDF,2007,MDG6, 9.34 
AfDF,2007,HEALTH POLICY & ADMIN. MANAGEMENT, 70.75 
AfDF,2007,Other Health Purposes, 1.35 
AfDF,2007,RH & FP, 0.72 
AfDF,2008,MDG6, 19.49 
AfDF,2008,HEALTH POLICY & ADMIN. MANAGEMENT, 82.99 
AfDF,2008,Other Health Purposes, 4.55 
AfDF,2008,RH & FP, 2.57 
AfDF,2009,MDG6, 10.60 
AfDF,2009,HEALTH POLICY & ADMIN. MANAGEMENT, 72.44 
AfDF,2009,Other Health Purposes, 8.61 
AfDF,2009,RH & FP, 13.65 
AfDF,2010,HEALTH POLICY & ADMIN. MANAGEMENT, 76.91 
AfDF,2011,HEALTH POLICY & ADMIN. MANAGEMENT, 84.06 
Arab Fund (AFESD),2008,MDG6, 0.77 
Arab Fund (AFESD),2008,HEALTH POLICY & ADMIN. MANAGEMENT, 1.59 
Arab Fund (AFESD),2008,Other Health Purposes, 2.11 
Arab Fund (AFESD),2009,MDG6, 0.68 
Arab Fund (AFESD),2009,HEALTH POLICY & ADMIN. MANAGEMENT, 0.09 
Arab Fund (AFESD),2009,Other Health Purposes, 0.90 
Arab Fund (AFESD),2010,MDG6, 0.19 
Arab Fund (AFESD),2010,HEALTH POLICY & ADMIN. MANAGEMENT, -   
Arab Fund (AFESD),2010,Other Health Purposes, 1.12 
Arab Fund (AFESD),2011,MDG6, 0.20 
Arab Fund (AFESD),2011,Other Health Purposes, 1.92 
AsDB Special Funds,2001,HEALTH POLICY & ADMIN. MANAGEMENT, -   
AsDB Special Funds,2003,HEALTH POLICY & ADMIN. MANAGEMENT, -   
AsDB Special Funds,2004,HEALTH POLICY & ADMIN. MANAGEMENT, -   
AsDB Special Funds,2005,HEALTH POLICY & ADMIN. MANAGEMENT, -   
AsDB Special Funds,2007,Other Health Purposes, -   
AsDB Special Funds,2008,HEALTH POLICY & ADMIN. MANAGEMENT, -   
AsDB Special Funds,2010,MDG6, 10.86 
AsDB Special Funds,2010,HEALTH POLICY & ADMIN. MANAGEMENT, 38.50 
AsDB Special Funds,2010,Other Health Purposes, 174.88 
AsDB Special Funds,2010,RH & FP, -   
AsDB Special Funds,2011,MDG6, 12.27 
AsDB Special Funds,2011,HEALTH POLICY & ADMIN. MANAGEMENT, 39.12 
AsDB Special Funds,2011,Other Health Purposes, 29.18 
AsDB Special Funds,2011,RH & FP, -   
Australia,2001,MDG6, 36.36 
Australia,2001,HEALTH POLICY & ADMIN. MANAGEMENT, 21.40 
Australia,2001,Other Health Purposes, 117.16 
Australia,2001,RH & FP, 14.39 
Australia,2002,MDG6, 26.24 
Australia,2002,HEALTH POLICY & ADMIN. MANAGEMENT, 25.31 
Australia,2002,Other Health Purposes, 119.93 
Australia,2002,RH & FP, 15.25 
Australia,2003,MDG6, 39.00 
Australia,2003,HEALTH POLICY & ADMIN. MANAGEMENT, 29.46 
Australia,2003,Other Health Purposes, 95.83 
Australia,2003,RH & FP, 18.77 
Australia,2004,MDG6, 46.33 
Australia,2004,HEALTH POLICY & ADMIN. MANAGEMENT, 27.57 
Australia,2004,Other Health Purposes, 87.50 
Australia,2004,RH & FP, 9.91 
Australia,2005,MDG6, 61.33 
Australia,2005,HEALTH POLICY & ADMIN. MANAGEMENT, 32.61 
Australia,2005,Other Health Purposes, 74.66 
Australia,2005,RH & FP, 9.60 
Australia,2006,MDG6, 90.17 
Australia,2006,HEALTH POLICY & ADMIN. MANAGEMENT, 72.67 
Australia,2006,Other Health Purposes, 82.99 
Australia,2006,RH & FP, 8.06 
Australia,2007,MDG6, 83.50 
Australia,2007,HEALTH POLICY & ADMIN. MANAGEMENT, 48.60 
Australia,2007,Other Health Purposes, 89.37 
Australia,2007,RH & FP, 0.04 
Australia,2008,MDG6, 104.50 
Australia,2008,HEALTH POLICY & ADMIN. MANAGEMENT, 56.94 
Australia,2008,Other Health Purposes, 72.36 
Australia,2008,RH & FP, 7.51 
Australia,2009,MDG6, 99.84 
Australia,2009,HEALTH POLICY & ADMIN. MANAGEMENT, 65.54 
Australia,2009,Other Health Purposes, 108.04 
Australia,2009,RH & FP, 5.93 
Australia,2010,MDG6, 104.65 
Australia,2010,HEALTH POLICY & ADMIN. MANAGEMENT, 113.28 
Australia,2010,Other Health Purposes, 84.55 
Australia,2010,RH & FP, 30.78 
Australia,2011,MDG6, 87.91 
Australia,2011,HEALTH POLICY & ADMIN. MANAGEMENT, 130.89 
Australia,2011,Other Health Purposes, 104.48 
Australia,2011,RH & FP, 75.59 
Austria,2001,MDG6, 1.00 
Austria,2001,HEALTH POLICY & ADMIN. MANAGEMENT, 1.49 
Austria,2001,Other Health Purposes, 48.97 
Austria,2001,RH & FP, 0.06 
Austria,2002,MDG6, 1.83 
Austria,2002,HEALTH POLICY & ADMIN. MANAGEMENT, 0.19 
Austria,2002,Other Health Purposes, 6.01 
Austria,2002,RH & FP, 0.45 
Austria,2003,MDG6, 0.90 
Austria,2003,HEALTH POLICY & ADMIN. MANAGEMENT, 0.40 
Austria,2003,Other Health Purposes, 6.33 
Austria,2003,RH & FP, 0.59 
Austria,2004,MDG6, 1.35 
Austria,2004,HEALTH POLICY & ADMIN. MANAGEMENT, -   
Austria,2004,Other Health Purposes, 7.29 
Austria,2004,RH & FP, 0.74 
Austria,2005,MDG6, 1.22 
Austria,2005,HEALTH POLICY & ADMIN. MANAGEMENT, 1.26 
Austria,2005,Other Health Purposes, 5.92 
Austria,2005,RH & FP, 0.88 
Austria,2006,MDG6, 4.92 
Austria,2006,HEALTH POLICY & ADMIN. MANAGEMENT, 2.37 
Austria,2006,Other Health Purposes, 7.94 
Austria,2006,RH & FP, 0.45 
Austria,2007,MDG6, 4.17 
Austria,2007,HEALTH POLICY & ADMIN. MANAGEMENT, 1.70 
Austria,2007,Other Health Purposes, 6.69 
Austria,2007,RH & FP, 1.55 
Austria,2008,MDG6, 2.98 
Austria,2008,HEALTH POLICY & ADMIN. MANAGEMENT, 1.57 
Austria,2008,Other Health Purposes, 7.69 
Austria,2008,RH & FP, 0.97 
Austria,2009,MDG6, 3.26 
Austria,2009,HEALTH POLICY & ADMIN. MANAGEMENT, 1.86 
Austria,2009,Other Health Purposes, 5.49 
Austria,2009,RH & FP, 0.80 
Austria,2010,MDG6, 1.68 
Austria,2010,HEALTH POLICY & ADMIN. MANAGEMENT, 1.18 
Austria,2010,Other Health Purposes, 5.88 
Austria,2010,RH & FP, 1.10 
Austria,2011,MDG6, 0.36 
Austria,2011,HEALTH POLICY & ADMIN. MANAGEMENT, 2.03 
Austria,2011,Other Health Purposes, 10.76 
Austria,2011,RH & FP, 0.86 
BADEA,2011,HEALTH POLICY & ADMIN. MANAGEMENT, 1.00 
BADEA,2011,Other Health Purposes, 4.51 
Belgium,2001,MDG6, 20.65 
Belgium,2001,HEALTH POLICY & ADMIN. MANAGEMENT, 23.47 
Belgium,2001,Other Health Purposes, 74.98 
Belgium,2001,RH & FP, 2.09 
Belgium,2002,MDG6, 34.68 
Belgium,2002,HEALTH POLICY & ADMIN. MANAGEMENT, 17.45 
Belgium,2002,Other Health Purposes, 63.38 
Belgium,2002,RH & FP, 1.86 
Belgium,2003,MDG6, 29.69 
Belgium,2003,HEALTH POLICY & ADMIN. MANAGEMENT, 11.07 
Belgium,2003,Other Health Purposes, 70.81 
Belgium,2003,RH & FP, 3.76 
Belgium,2004,MDG6, 34.86 
Belgium,2004,HEALTH POLICY & ADMIN. MANAGEMENT, 6.91 
Belgium,2004,Other Health Purposes, 52.95 
Belgium,2004,RH & FP, 2.54 
Belgium,2005,MDG6, 32.78 
Belgium,2005,HEALTH POLICY & ADMIN. MANAGEMENT, 16.72 
Belgium,2005,Other Health Purposes, 59.11 
Belgium,2005,RH & FP, 2.27 
Belgium,2006,MDG6, 40.40 
Belgium,2006,HEALTH POLICY & ADMIN. MANAGEMENT, 16.98 
Belgium,2006,Other Health Purposes, 75.08 
Belgium,2006,RH & FP, 1.39 
Belgium,2007,MDG6, 44.50 
Belgium,2007,HEALTH POLICY & ADMIN. MANAGEMENT, 14.95 
Belgium,2007,Other Health Purposes, 88.62 
Belgium,2007,RH & FP, 1.06 
Belgium,2008,MDG6, 26.95 
Belgium,2008,HEALTH POLICY & ADMIN. MANAGEMENT, 21.61 
Belgium,2008,Other Health Purposes, 91.95 
Belgium,2008,RH & FP, 0.20 
Belgium,2009,MDG6, 37.84 
Belgium,2009,HEALTH POLICY & ADMIN. MANAGEMENT, 28.98 
Belgium,2009,Other Health Purposes, 82.98 
Belgium,2009,RH & FP, 1.77 
Belgium,2010,MDG6, 30.33 
Belgium,2010,HEALTH POLICY & ADMIN. MANAGEMENT, 37.34 
Belgium,2010,Other Health Purposes, 94.31 
Belgium,2010,RH & FP, 0.39 
Belgium,2011,MDG6, 27.66 
Belgium,2011,HEALTH POLICY & ADMIN. MANAGEMENT, 40.28 
Belgium,2011,Other Health Purposes, 84.06 
Belgium,2011,RH & FP, 5.96 
Canada,2001,MDG6, 31.25 
Canada,2001,HEALTH POLICY & ADMIN. MANAGEMENT, 11.43 
Canada,2001,Other Health Purposes, 26.34 
Canada,2001,RH & FP, 7.50 
Canada,2002,MDG6, 53.63 
Canada,2002,HEALTH POLICY & ADMIN. MANAGEMENT, 23.96 
Canada,2002,Other Health Purposes, 32.10 
Canada,2002,RH & FP, 14.73 
Canada,2003,MDG6, 86.51 
Canada,2003,HEALTH POLICY & ADMIN. MANAGEMENT, 28.29 
Canada,2003,Other Health Purposes, 40.02 
Canada,2003,RH & FP, 12.09 
Canada,2004,MDG6, 149.20 
Canada,2004,HEALTH POLICY & ADMIN. MANAGEMENT, 25.83 
Canada,2004,Other Health Purposes, 49.97 
Canada,2004,RH & FP, 23.52 
Canada,2005,MDG6, 293.25 
Canada,2005,HEALTH POLICY & ADMIN. MANAGEMENT, 21.87 
Canada,2005,Other Health Purposes, 36.42 
Canada,2005,RH & FP, 36.59 
Canada,2006,MDG6, 130.82 
Canada,2006,HEALTH POLICY & ADMIN. MANAGEMENT, 26.74 
Canada,2006,Other Health Purposes, 87.14 
Canada,2006,RH & FP, 9.86 
Canada,2007,MDG6, 181.63 
Canada,2007,HEALTH POLICY & ADMIN. MANAGEMENT, 45.15 
Canada,2007,Other Health Purposes, 203.87 
Canada,2007,RH & FP, 21.94 
Canada,2008,MDG6, 164.54 
Canada,2008,HEALTH POLICY & ADMIN. MANAGEMENT, 47.09 
Canada,2008,Other Health Purposes, 201.96 
Canada,2008,RH & FP, 15.68 
Canada,2009,MDG6, 190.82 
Canada,2009,HEALTH POLICY & ADMIN. MANAGEMENT, 50.19 
Canada,2009,Other Health Purposes, 242.45 
Canada,2009,RH & FP, 16.40 
Canada,2010,MDG6, 180.09 
Canada,2010,HEALTH POLICY & ADMIN. MANAGEMENT, 32.02 
Canada,2010,Other Health Purposes, 228.12 
Canada,2010,RH & FP, 8.64 
Canada,2011,MDG6, 199.18 
Canada,2011,HEALTH POLICY & ADMIN. MANAGEMENT, 63.71 
Canada,2011,Other Health Purposes, 340.10 
Canada,2011,RH & FP, 19.97 
Czech Republic,2011,MDG6, 0.03 
Czech Republic,2011,HEALTH POLICY & ADMIN. MANAGEMENT, 0.56 
Czech Republic,2011,Other Health Purposes, 2.04 
Czech Republic,2011,RH & FP, 0.31 
Denmark,2001,MDG6, 4.95 
Denmark,2001,HEALTH POLICY & ADMIN. MANAGEMENT, 11.58 
Denmark,2001,Other Health Purposes, 36.60 
Denmark,2001,RH & FP, 0.94 
Denmark,2002,MDG6, -   
Denmark,2002,HEALTH POLICY & ADMIN. MANAGEMENT, -   
Denmark,2002,Other Health Purposes, -   
Denmark,2002,RH & FP, -   
Denmark,2003,MDG6, 13.38 
Denmark,2003,HEALTH POLICY & ADMIN. MANAGEMENT, 17.64 
Denmark,2003,Other Health Purposes, 35.58 
Denmark,2003,RH & FP, 2.66 
Denmark,2004,MDG6, 16.03 
Denmark,2004,HEALTH POLICY & ADMIN. MANAGEMENT, 17.49 
Denmark,2004,Other Health Purposes, 42.68 
Denmark,2004,RH & FP, 1.67 
Denmark,2005,MDG6, 12.60 
Denmark,2005,HEALTH POLICY & ADMIN. MANAGEMENT, 14.44 
Denmark,2005,Other Health Purposes, 63.08 
Denmark,2005,RH & FP, 1.01 
Denmark,2006,MDG6, 11.50 
Denmark,2006,HEALTH POLICY & ADMIN. MANAGEMENT, 21.66 
Denmark,2006,Other Health Purposes, 45.22 
Denmark,2006,RH & FP, 0.96 
Denmark,2007,MDG6, 21.07 
Denmark,2007,HEALTH POLICY & ADMIN. MANAGEMENT, 18.11 
Denmark,2007,Other Health Purposes, 43.64 
Denmark,2007,RH & FP, 0.45 
Denmark,2008,MDG6, 18.18 
Denmark,2008,HEALTH POLICY & ADMIN. MANAGEMENT, 30.53 
Denmark,2008,Other Health Purposes, 35.21 
Denmark,2008,RH & FP, 1.52 
Denmark,2009,MDG6, 35.71 
Denmark,2009,HEALTH POLICY & ADMIN. MANAGEMENT, 35.37 
Denmark,2009,Other Health Purposes, 56.15 
Denmark,2009,RH & FP, 1.56 
Denmark,2010,MDG6, 44.94 
Denmark,2010,HEALTH POLICY & ADMIN. MANAGEMENT, 56.17 
Denmark,2010,Other Health Purposes, 59.29 
Denmark,2010,RH & FP, 9.23 
Denmark,2011,MDG6, 33.73 
Denmark,2011,HEALTH POLICY & ADMIN. MANAGEMENT, 36.52 
Denmark,2011,Other Health Purposes, 47.16 
Denmark,2011,RH & FP, 22.21 
EU Institutions,2001,MDG6, 41.42 
EU Institutions,2001,HEALTH POLICY & ADMIN. MANAGEMENT, 41.11 
EU Institutions,2001,Other Health Purposes, 37.80 
EU Institutions,2001,RH & FP, 0.49 
EU Institutions,2002,MDG6, 16.11 
EU Institutions,2002,HEALTH POLICY & ADMIN. MANAGEMENT, 59.64 
EU Institutions,2002,Other Health Purposes, 40.63 
EU Institutions,2002,RH & FP, 0.35 
EU Institutions,2003,MDG6, 16.42 
EU Institutions,2003,HEALTH POLICY & ADMIN. MANAGEMENT, 54.39 
EU Institutions,2003,Other Health Purposes, 34.77 
EU Institutions,2003,RH & FP, 18.98 
EU Institutions,2004,MDG6, 34.67 
EU Institutions,2004,HEALTH POLICY & ADMIN. MANAGEMENT, 122.68 
EU Institutions,2004,Other Health Purposes, 71.55 
EU Institutions,2004,RH & FP, 2.31 
EU Institutions,2005,MDG6, 98.78 
EU Institutions,2005,HEALTH POLICY & ADMIN. MANAGEMENT, 182.70 
EU Institutions,2005,Other Health Purposes, 166.78 
EU Institutions,2005,RH & FP, 35.61 
EU Institutions,2006,MDG6, 116.65 
EU Institutions,2006,HEALTH POLICY & ADMIN. MANAGEMENT, 210.22 
EU Institutions,2006,Other Health Purposes, 275.60 
EU Institutions,2006,RH & FP, 74.56 
EU Institutions,2007,MDG6, 277.53 
EU Institutions,2007,HEALTH POLICY & ADMIN. MANAGEMENT, 85.16 
EU Institutions,2007,Other Health Purposes, 252.80 
EU Institutions,2007,RH & FP, 45.92 
EU Institutions,2008,MDG6, 178.77 
EU Institutions,2008,HEALTH POLICY & ADMIN. MANAGEMENT, 227.84 
EU Institutions,2008,Other Health Purposes, 231.42 
EU Institutions,2008,RH & FP, 37.39 
EU Institutions,2009,MDG6, 56.52 
EU Institutions,2009,HEALTH POLICY & ADMIN. MANAGEMENT, 121.88 
EU Institutions,2009,Other Health Purposes, 352.69 
EU Institutions,2009,RH & FP, 16.64 
EU Institutions,2010,MDG6, 55.62 
EU Institutions,2010,HEALTH POLICY & ADMIN. MANAGEMENT, 154.82 
EU Institutions,2010,Other Health Purposes, 239.22 
EU Institutions,2010,RH & FP, 22.35 
EU Institutions,2011,MDG6, 60.49 
EU Institutions,2011,HEALTH POLICY & ADMIN. MANAGEMENT, 164.38 
EU Institutions,2011,Other Health Purposes, 377.32 
EU Institutions,2011,RH & FP, 16.93 
Finland,2001,MDG6, 1.91 
Finland,2001,HEALTH POLICY & ADMIN. MANAGEMENT, 12.65 
Finland,2001,Other Health Purposes, 10.23 
Finland,2001,RH & FP, 2.22 
Finland,2002,MDG6, 1.04 
Finland,2002,HEALTH POLICY & ADMIN. MANAGEMENT, 13.37 
Finland,2002,Other Health Purposes, 8.90 
Finland,2002,RH & FP, 1.52 
Finland,2003,MDG6, 1.47 
Finland,2003,HEALTH POLICY & ADMIN. MANAGEMENT, 16.18 
Finland,2003,Other Health Purposes, 8.52 
Finland,2003,RH & FP, 2.19 
Finland,2004,MDG6, -   
Finland,2004,HEALTH POLICY & ADMIN. MANAGEMENT, -   
Finland,2004,Other Health Purposes, -   
Finland,2004,RH & FP, -   
Finland,2005,MDG6, -   
Finland,2005,HEALTH POLICY & ADMIN. MANAGEMENT, -   
Finland,2005,Other Health Purposes, -   
Finland,2005,RH & FP, -   
Finland,2006,MDG6, 8.93 
Finland,2006,HEALTH POLICY & ADMIN. MANAGEMENT, 16.61 
Finland,2006,Other Health Purposes, 12.99 
Finland,2006,RH & FP, 4.09 
Finland,2007,MDG6, 5.69 
Finland,2007,HEALTH POLICY & ADMIN. MANAGEMENT, 13.55 
Finland,2007,Other Health Purposes, 16.36 
Finland,2007,RH & FP, 5.09 
Finland,2008,MDG6, 6.58 
Finland,2008,HEALTH POLICY & ADMIN. MANAGEMENT, 14.74 
Finland,2008,Other Health Purposes, 14.32 
Finland,2008,RH & FP, 7.71 
Finland,2009,MDG6, 2.50 
Finland,2009,HEALTH POLICY & ADMIN. MANAGEMENT, 15.68 
Finland,2009,Other Health Purposes, 12.63 
Finland,2009,RH & FP, 3.59 
Finland,2010,MDG6, 2.70 
Finland,2010,HEALTH POLICY & ADMIN. MANAGEMENT, 16.90 
Finland,2010,Other Health Purposes, 11.35 
Finland,2010,RH & FP, 6.01 
Finland,2011,MDG6, 1.77 
Finland,2011,HEALTH POLICY & ADMIN. MANAGEMENT, 10.55 
Finland,2011,Other Health Purposes, 12.48 
Finland,2011,RH & FP, 5.47 
France,2001,MDG6, 9.87 
France,2001,HEALTH POLICY & ADMIN. MANAGEMENT, 164.41 
France,2001,Other Health Purposes, 17.42 
France,2001,RH & FP, 0.90 
France,2002,MDG6, 7.26 
France,2002,HEALTH POLICY & ADMIN. MANAGEMENT, 159.20 
France,2002,Other Health Purposes, 20.39 
France,2002,RH & FP, 0.74 
France,2003,MDG6, 7.08 
France,2003,HEALTH POLICY & ADMIN. MANAGEMENT, 200.55 
France,2003,Other Health Purposes, 12.21 
France,2003,RH & FP, 0.44 
France,2004,MDG6, 7.76 
France,2004,HEALTH POLICY & ADMIN. MANAGEMENT, 31.78 
France,2004,Other Health Purposes, 218.71 
France,2004,RH & FP, 0.51 
France,2005,MDG6, 13.77 
France,2005,HEALTH POLICY & ADMIN. MANAGEMENT, 48.57 
France,2005,Other Health Purposes, 228.17 
France,2006,MDG6, 18.69 
France,2006,HEALTH POLICY & ADMIN. MANAGEMENT, 15.75 
France,2006,Other Health Purposes, 275.70 
France,2007,MDG6, 13.50 
France,2007,HEALTH POLICY & ADMIN. MANAGEMENT, 25.35 
France,2007,Other Health Purposes, 53.06 
France,2007,RH & FP, 0.08 
France,2008,MDG6, 20.21 
France,2008,HEALTH POLICY & ADMIN. MANAGEMENT, 37.06 
France,2008,Other Health Purposes, 255.33 
France,2009,MDG6, 53.61 
France,2009,HEALTH POLICY & ADMIN. MANAGEMENT, 52.37 
France,2009,Other Health Purposes, 215.95 
France,2010,MDG6, 58.24 
France,2010,HEALTH POLICY & ADMIN. MANAGEMENT, 58.14 
France,2010,Other Health Purposes, 297.33 
France,2010,RH & FP, 3.19 
France,2011,MDG6, 42.50 
France,2011,HEALTH POLICY & ADMIN. MANAGEMENT, 44.85 
France,2011,Other Health Purposes, 86.88 
France,2011,RH & FP, 24.12 
GAVI,2007,MDG6, 474.09 
GAVI,2007,HEALTH POLICY & ADMIN. MANAGEMENT, 37.79 
GAVI,2007,Other Health Purposes, 399.39 
GAVI,2008,MDG6, 67.81 
GAVI,2008,HEALTH POLICY & ADMIN. MANAGEMENT, 11.96 
GAVI,2008,Other Health Purposes, 582.86 
GAVI,2009,MDG6, 84.75 
GAVI,2009,HEALTH POLICY & ADMIN. MANAGEMENT,-6.46 
GAVI,2009,Other Health Purposes, 338.44 
GAVI,2010,MDG6, 101.13 
GAVI,2010,HEALTH POLICY & ADMIN. MANAGEMENT, 13.85 
GAVI,2010,Other Health Purposes, 584.41 
GAVI,2011,MDG6, 56.39 
GAVI,2011,HEALTH POLICY & ADMIN. MANAGEMENT, 6.55 
GAVI,2011,Other Health Purposes, 637.31 
Germany,2001,MDG6, 28.62 
Germany,2001,HEALTH POLICY & ADMIN. MANAGEMENT, 32.31 
Germany,2001,Other Health Purposes, 68.37 
Germany,2001,RH & FP, 78.84 
Germany,2002,MDG6, 22.26 
Germany,2002,HEALTH POLICY & ADMIN. MANAGEMENT, 8.77 
Germany,2002,Other Health Purposes, 64.82 
Germany,2002,RH & FP, 52.95 
Germany,2003,MDG6, 41.43 
Germany,2003,HEALTH POLICY & ADMIN. MANAGEMENT, 26.53 
Germany,2003,Other Health Purposes, 91.16 
Germany,2003,RH & FP, 64.79 
Germany,2004,MDG6, 40.56 
Germany,2004,HEALTH POLICY & ADMIN. MANAGEMENT, 29.27 
Germany,2004,Other Health Purposes, 149.83 
Germany,2004,RH & FP, 40.50 
Germany,2005,MDG6, 73.37 
Germany,2005,HEALTH POLICY & ADMIN. MANAGEMENT, 21.29 
Germany,2005,Other Health Purposes, 106.06 
Germany,2005,RH & FP, 36.11 
Germany,2006,MDG6, 90.63 
Germany,2006,HEALTH POLICY & ADMIN. MANAGEMENT, 29.75 
Germany,2006,Other Health Purposes, 114.31 
Germany,2006,RH & FP, 38.24 
Germany,2007,MDG6, 151.88 
Germany,2007,HEALTH POLICY & ADMIN. MANAGEMENT, 51.87 
Germany,2007,Other Health Purposes, 104.11 
Germany,2007,RH & FP, 39.63 
Germany,2008,MDG6, 161.95 
Germany,2008,HEALTH POLICY & ADMIN. MANAGEMENT, 58.56 
Germany,2008,Other Health Purposes, 122.51 
Germany,2008,RH & FP, 36.06 
Germany,2009,MDG6, 151.86 
Germany,2009,HEALTH POLICY & ADMIN. MANAGEMENT, 62.47 
Germany,2009,Other Health Purposes, 131.06 
Germany,2009,RH & FP, 60.88 
Germany,2010,MDG6, 170.30 
Germany,2010,HEALTH POLICY & ADMIN. MANAGEMENT, 72.77 
Germany,2010,Other Health Purposes, 186.46 
Germany,2010,RH & FP, 45.74 
Germany,2011,MDG6, 148.72 
Germany,2011,HEALTH POLICY & ADMIN. MANAGEMENT, 81.49 
Germany,2011,Other Health Purposes, 111.07 
Germany,2011,RH & FP, 42.69 
Greece,2002,MDG6, 0.32 
Greece,2002,HEALTH POLICY & ADMIN. MANAGEMENT, 0.35 
Greece,2002,Other Health Purposes, 5.55 
Greece,2002,RH & FP, 0.24 
Greece,2003,MDG6, 9.21 
Greece,2003,HEALTH POLICY & ADMIN. MANAGEMENT, 0.73 
Greece,2003,Other Health Purposes, 7.15 
Greece,2003,RH & FP, 0.05 
Greece,2004,MDG6, 10.08 
Greece,2004,HEALTH POLICY & ADMIN. MANAGEMENT, 0.24 
Greece,2004,Other Health Purposes, 18.03 
Greece,2005,MDG6, 0.61 
Greece,2005,HEALTH POLICY & ADMIN. MANAGEMENT, 0.32 
Greece,2005,Other Health Purposes, 33.82 
Greece,2006,MDG6, 9.61 
Greece,2006,HEALTH POLICY & ADMIN. MANAGEMENT, 0.08 
Greece,2006,Other Health Purposes, 28.38 
Greece,2007,MDG6, 6.42 
Greece,2007,HEALTH POLICY & ADMIN. MANAGEMENT, 0.04 
Greece,2007,Other Health Purposes, 29.54 
Greece,2008,MDG6, 5.93 
Greece,2008,Other Health Purposes, 7.10 
Greece,2009,MDG6, 8.63 
Greece,2009,HEALTH POLICY & ADMIN. MANAGEMENT, 1.14 
Greece,2009,Other Health Purposes, 10.97 
Greece,2010,HEALTH POLICY & ADMIN. MANAGEMENT, 2.48 
Greece,2010,Other Health Purposes, 3.72 
Greece,2011,HEALTH POLICY & ADMIN. MANAGEMENT, 2.00 
Greece,2011,Other Health Purposes, 0.52 
Iceland,2011,Other Health Purposes, 1.12 
Iceland,2011,RH & FP, 0.44 
IDA,2001,MDG6, 244.86 
IDA,2001,HEALTH POLICY & ADMIN. MANAGEMENT, 841.96 
IDA,2001,Other Health Purposes, 92.25 
IDA,2001,RH & FP, 144.24 
IDA,2002,MDG6, 279.01 
IDA,2002,HEALTH POLICY & ADMIN. MANAGEMENT, 870.81 
IDA,2002,Other Health Purposes, 91.73 
IDA,2002,RH & FP, 129.93 
IDA,2003,MDG6, 263.32 
IDA,2003,HEALTH POLICY & ADMIN. MANAGEMENT, 598.27 
IDA,2003,Other Health Purposes, 62.62 
IDA,2003,RH & FP, 104.75 
IDA,2004,MDG6, 352.93 
IDA,2004,HEALTH POLICY & ADMIN. MANAGEMENT, 842.82 
IDA,2004,Other Health Purposes, 79.15 
IDA,2004,RH & FP, 126.18 
IDA,2005,MDG6, 376.63 
IDA,2005,HEALTH POLICY & ADMIN. MANAGEMENT, 658.22 
IDA,2005,Other Health Purposes, 118.94 
IDA,2005,RH & FP, 186.66 
IDA,2006,MDG6, 361.38 
IDA,2006,HEALTH POLICY & ADMIN. MANAGEMENT, 496.98 
IDA,2006,Other Health Purposes, 189.65 
IDA,2006,RH & FP, 102.55 
IDA,2007,MDG6, 352.73 
IDA,2007,HEALTH POLICY & ADMIN. MANAGEMENT, 370.78 
IDA,2007,Other Health Purposes, 128.20 
IDA,2007,RH & FP, 75.02 
IDA,2008,MDG6, 258.11 
IDA,2008,HEALTH POLICY & ADMIN. MANAGEMENT, 257.70 
IDA,2008,Other Health Purposes, 170.93 
IDA,2008,RH & FP, 54.89 
IDA,2009,MDG6, 408.40 
IDA,2009,HEALTH POLICY & ADMIN. MANAGEMENT, 327.48 
IDA,2009,Other Health Purposes, 176.39 
IDA,2009,RH & FP, 94.50 
IDA,2010,MDG6, 316.71 
IDA,2010,HEALTH POLICY & ADMIN. MANAGEMENT, 299.12 
IDA,2010,Other Health Purposes, 254.65 
IDA,2010,RH & FP, 63.01 
IDA,2011,MDG6, 464.20 
IDA,2011,HEALTH POLICY & ADMIN. MANAGEMENT, 260.24 
IDA,2011,Other Health Purposes, 227.09 
IDA,2011,RH & FP, 62.38 
IDB Sp.Fund,2001,HEALTH POLICY & ADMIN. MANAGEMENT, -   
IDB Sp.Fund,2003,HEALTH POLICY & ADMIN. MANAGEMENT, -   
IDB Sp.Fund,2005,HEALTH POLICY & ADMIN. MANAGEMENT, -   
IDB Sp.Fund,2005,Other Health Purposes, -   
IDB Sp.Fund,2005,RH & FP, -   
IDB Sp.Fund,2007,HEALTH POLICY & ADMIN. MANAGEMENT, -   
IDB Sp.Fund,2009,MDG6, 0.05 
IDB Sp.Fund,2009,HEALTH POLICY & ADMIN. MANAGEMENT, 21.99 
IDB Sp.Fund,2009,Other Health Purposes, 0.37 
IDB Sp.Fund,2009,RH & FP, 0.01 
IDB Sp.Fund,2010,HEALTH POLICY & ADMIN. MANAGEMENT, 11.43 
IDB Sp.Fund,2010,Other Health Purposes, 8.38 
IDB Sp.Fund,2010,RH & FP, 0.05 
IDB Sp.Fund,2011,HEALTH POLICY & ADMIN. MANAGEMENT, 57.95 
IDB Sp.Fund,2011,Other Health Purposes, 12.86 
IFAD,2003,HEALTH POLICY & ADMIN. MANAGEMENT, -   
IFAD,2003,Other Health Purposes, -   
IFAD,2005,Other Health Purposes, -   
IFAD,2008,HEALTH POLICY & ADMIN. MANAGEMENT, -   
IFAD,2008,Other Health Purposes, -   
IFAD,2011,Other Health Purposes, -   
Ireland,2001,MDG6, -   
Ireland,2001,HEALTH POLICY & ADMIN. MANAGEMENT, -   
Ireland,2001,Other Health Purposes, 3.86 
Ireland,2002,MDG6, 44.03 
Ireland,2002,HEALTH POLICY & ADMIN. MANAGEMENT, 14.26 
Ireland,2002,Other Health Purposes, 35.34 
Ireland,2003,MDG6, 23.34 
Ireland,2003,HEALTH POLICY & ADMIN. MANAGEMENT, 42.94 
Ireland,2003,Other Health Purposes, 39.92 
Ireland,2004,MDG6, 32.62 
Ireland,2004,HEALTH POLICY & ADMIN. MANAGEMENT, 29.19 
Ireland,2004,Other Health Purposes, 42.14 
Ireland,2004,RH & FP, 0.09 
Ireland,2005,MDG6, 25.25 
Ireland,2005,HEALTH POLICY & ADMIN. MANAGEMENT, 34.72 
Ireland,2005,Other Health Purposes, 47.43 
Ireland,2005,RH & FP, 0.09 
Ireland,2006,MDG6, 85.74 
Ireland,2006,HEALTH POLICY & ADMIN. MANAGEMENT, 32.87 
Ireland,2006,Other Health Purposes, 33.14 
Ireland,2006,RH & FP, 0.23 
Ireland,2007,MDG6, 90.18 
Ireland,2007,HEALTH POLICY & ADMIN. MANAGEMENT, 40.67 
Ireland,2007,Other Health Purposes, 28.05 
Ireland,2007,RH & FP, 0.17 
Ireland,2008,MDG6, 67.92 
Ireland,2008,HEALTH POLICY & ADMIN. MANAGEMENT, 24.59 
Ireland,2008,Other Health Purposes, 38.32 
Ireland,2008,RH & FP, 0.23 
Ireland,2009,MDG6, 43.79 
Ireland,2009,HEALTH POLICY & ADMIN. MANAGEMENT, 34.32 
Ireland,2009,Other Health Purposes, 36.44 
Ireland,2009,RH & FP, 0.27 
Ireland,2010,MDG6, 31.00 
Ireland,2010,HEALTH POLICY & ADMIN. MANAGEMENT, 34.95 
Ireland,2010,Other Health Purposes, 32.37 
Ireland,2010,RH & FP, 0.42 
Ireland,2011,MDG6, 25.89 
Ireland,2011,HEALTH POLICY & ADMIN. MANAGEMENT, 35.95 
Ireland,2011,Other Health Purposes, 28.80 
Ireland,2011,RH & FP, 1.67 
Isl.Dev Bank,2010,MDG6, -   
Isl.Dev Bank,2010,Other Health Purposes, -   
Isl.Dev Bank,2010,RH & FP, -   
Italy,2001,MDG6, -   
Italy,2001,HEALTH POLICY & ADMIN. MANAGEMENT, -   
Italy,2001,Other Health Purposes, -   
Italy,2001,RH & FP, -   
Italy,2002,MDG6, 0.38 
Italy,2002,HEALTH POLICY & ADMIN. MANAGEMENT, 12.85 
Italy,2002,Other Health Purposes, 0.84 
Italy,2002,RH & FP, -   
Italy,2003,MDG6, 3.87 
Italy,2003,HEALTH POLICY & ADMIN. MANAGEMENT, 0.06 
Italy,2003,Other Health Purposes, 54.42 
Italy,2003,RH & FP, 0.56 
Italy,2004,MDG6, 5.04 
Italy,2004,HEALTH POLICY & ADMIN. MANAGEMENT, 10.95 
Italy,2004,Other Health Purposes, 43.51 
Italy,2004,RH & FP, 0.96 
Italy,2005,MDG6, 11.48 
Italy,2005,HEALTH POLICY & ADMIN. MANAGEMENT, 12.16 
Italy,2005,Other Health Purposes, 51.51 
Italy,2005,RH & FP, 0.86 
Italy,2006,MDG6, 3.12 
Italy,2006,HEALTH POLICY & ADMIN. MANAGEMENT, 40.47 
Italy,2006,Other Health Purposes, 37.59 
Italy,2006,RH & FP, 0.62 
Italy,2007,MDG6, 13.30 
Italy,2007,HEALTH POLICY & ADMIN. MANAGEMENT, 11.90 
Italy,2007,Other Health Purposes, 82.87 
Italy,2007,RH & FP, 0.62 
Italy,2008,MDG6, 14.70 
Italy,2008,HEALTH POLICY & ADMIN. MANAGEMENT, 22.80 
Italy,2008,Other Health Purposes, 73.73 
Italy,2008,RH & FP, 2.14 
Italy,2009,MDG6, 13.86 
Italy,2009,HEALTH POLICY & ADMIN. MANAGEMENT, 8.68 
Italy,2009,Other Health Purposes, 74.16 
Italy,2009,RH & FP, 0.91 
Italy,2010,MDG6, 7.95 
Italy,2010,HEALTH POLICY & ADMIN. MANAGEMENT, 16.88 
Italy,2010,Other Health Purposes, 55.25 
Italy,2010,RH & FP, 4.19 
Italy,2011,MDG6, 17.50 
Italy,2011,HEALTH POLICY & ADMIN. MANAGEMENT, 21.48 
Italy,2011,Other Health Purposes, 62.00 
Italy,2011,RH & FP, 4.18 
Japan,2001,MDG6, 32.52 
Japan,2001,HEALTH POLICY & ADMIN. MANAGEMENT, -   
Japan,2001,Other Health Purposes, 160.39 
Japan,2001,RH & FP, 3.50 
Japan,2002,MDG6, 19.37 
Japan,2002,HEALTH POLICY & ADMIN. MANAGEMENT, -   
Japan,2002,Other Health Purposes, 131.80 
Japan,2002,RH & FP, 2.02 
Japan,2003,MDG6, 28.79 
Japan,2003,HEALTH POLICY & ADMIN. MANAGEMENT, 167.66 
Japan,2003,Other Health Purposes, 142.00 
Japan,2003,RH & FP, 1.03 
Japan,2004,MDG6, 27.32 
Japan,2004,HEALTH POLICY & ADMIN. MANAGEMENT, 147.12 
Japan,2004,Other Health Purposes, 128.25 
Japan,2004,RH & FP, 2.64 
Japan,2005,MDG6, 51.03 
Japan,2005,HEALTH POLICY & ADMIN. MANAGEMENT, 125.79 
Japan,2005,Other Health Purposes, 137.12 
Japan,2006,MDG6, 78.26 
Japan,2006,HEALTH POLICY & ADMIN. MANAGEMENT, 206.17 
Japan,2006,Other Health Purposes, 162.93 
Japan,2006,RH & FP, 1.60 
Japan,2007,MDG6, 99.58 
Japan,2007,HEALTH POLICY & ADMIN. MANAGEMENT, 167.45 
Japan,2007,Other Health Purposes, 227.94 
Japan,2007,RH & FP, 17.82 
Japan,2008,MDG6, 84.94 
Japan,2008,HEALTH POLICY & ADMIN. MANAGEMENT, 144.20 
Japan,2008,Other Health Purposes, 152.99 
Japan,2008,RH & FP, 17.06 
Japan,2009,MDG6, 83.42 
Japan,2009,HEALTH POLICY & ADMIN. MANAGEMENT, 98.04 
Japan,2009,Other Health Purposes, 150.16 
Japan,2009,RH & FP, 41.23 
Japan,2010,MDG6, 72.40 
Japan,2010,HEALTH POLICY & ADMIN. MANAGEMENT, 104.41 
Japan,2010,Other Health Purposes, 185.34 
Japan,2010,RH & FP, 28.85 
Japan,2011,MDG6, 109.21 
Japan,2011,HEALTH POLICY & ADMIN. MANAGEMENT, 85.90 
Japan,2011,Other Health Purposes, 163.91 
Japan,2011,RH & FP, 45.22 
Kuwait (KFAED),2010,MDG6, 0.06 
Kuwait (KFAED),2010,HEALTH POLICY & ADMIN. MANAGEMENT, -   
Kuwait (KFAED),2010,Other Health Purposes, 33.26 
Kuwait (KFAED),2011,MDG6, 0.70 
Kuwait (KFAED),2011,Other Health Purposes, 26.18 
Kuwait (KFAED),2011,RH & FP, 0.03 
Luxembourg,2001,MDG6, -   
Luxembourg,2001,HEALTH POLICY & ADMIN. MANAGEMENT, -   
Luxembourg,2001,Other Health Purposes, -   
Luxembourg,2002,MDG6, -   
Luxembourg,2002,HEALTH POLICY & ADMIN. MANAGEMENT, -   
Luxembourg,2002,Other Health Purposes, -   
Luxembourg,2003,MDG6, -   
Luxembourg,2003,HEALTH POLICY & ADMIN. MANAGEMENT, -   
Luxembourg,2003,Other Health Purposes, -   
Luxembourg,2003,RH & FP, -   
Luxembourg,2004,MDG6, 10.39 
Luxembourg,2004,HEALTH POLICY & ADMIN. MANAGEMENT, 4.71 
Luxembourg,2004,Other Health Purposes, 23.74 
Luxembourg,2004,RH & FP, 1.12 
Luxembourg,2005,MDG6, 11.94 
Luxembourg,2005,HEALTH POLICY & ADMIN. MANAGEMENT, 8.09 
Luxembourg,2005,Other Health Purposes, 26.31 
Luxembourg,2005,RH & FP, 3.47 
Luxembourg,2006,MDG6, 9.44 
Luxembourg,2006,HEALTH POLICY & ADMIN. MANAGEMENT, 12.12 
Luxembourg,2006,Other Health Purposes, 27.17 
Luxembourg,2006,RH & FP, 2.33 
Luxembourg,2007,MDG6, 11.80 
Luxembourg,2007,HEALTH POLICY & ADMIN. MANAGEMENT, 7.28 
Luxembourg,2007,Other Health Purposes, 30.94 
Luxembourg,2007,RH & FP, 7.41 
Luxembourg,2008,MDG6, 12.76 
Luxembourg,2008,HEALTH POLICY & ADMIN. MANAGEMENT, 5.97 
Luxembourg,2008,Other Health Purposes, 28.05 
Luxembourg,2008,RH & FP, 8.09 
Luxembourg,2009,MDG6, 11.87 
Luxembourg,2009,HEALTH POLICY & ADMIN. MANAGEMENT, 6.64 
Luxembourg,2009,Other Health Purposes, 25.59 
Luxembourg,2009,RH & FP, 2.64 
Luxembourg,2010,MDG6, 12.23 
Luxembourg,2010,HEALTH POLICY & ADMIN. MANAGEMENT, 11.07 
Luxembourg,2010,Other Health Purposes, 27.87 
Luxembourg,2010,RH & FP, 6.58 
Luxembourg,2011,MDG6, 6.35 
Luxembourg,2011,HEALTH POLICY & ADMIN. MANAGEMENT, 9.68 
Luxembourg,2011,Other Health Purposes, 21.16 
Luxembourg,2011,RH & FP, 0.51 
Netherlands,2001,MDG6, 81.07 
Netherlands,2001,HEALTH POLICY & ADMIN. MANAGEMENT, 34.21 
Netherlands,2001,Other Health Purposes, 91.06 
Netherlands,2001,RH & FP, 17.18 
Netherlands,2002,MDG6, 107.18 
Netherlands,2002,HEALTH POLICY & ADMIN. MANAGEMENT, 55.76 
Netherlands,2002,Other Health Purposes, 72.78 
Netherlands,2002,RH & FP, 11.53 
Netherlands,2003,MDG6, 102.66 
Netherlands,2003,HEALTH POLICY & ADMIN. MANAGEMENT, 80.35 
Netherlands,2003,Other Health Purposes, 66.79 
Netherlands,2003,RH & FP, 31.89 
Netherlands,2004,MDG6, 112.14 
Netherlands,2004,HEALTH POLICY & ADMIN. MANAGEMENT, 80.00 
Netherlands,2004,Other Health Purposes, 51.64 
Netherlands,2004,RH & FP, 28.83 
Netherlands,2005,MDG6, 85.59 
Netherlands,2005,HEALTH POLICY & ADMIN. MANAGEMENT, 68.14 
Netherlands,2005,Other Health Purposes, 66.35 
Netherlands,2005,RH & FP, 17.39 
Netherlands,2006,MDG6, 75.11 
Netherlands,2006,HEALTH POLICY & ADMIN. MANAGEMENT, 78.70 
Netherlands,2006,Other Health Purposes, 81.00 
Netherlands,2006,RH & FP, 41.15 
Netherlands,2007,MDG6, 68.98 
Netherlands,2007,HEALTH POLICY & ADMIN. MANAGEMENT, 80.10 
Netherlands,2007,Other Health Purposes, 117.18 
Netherlands,2007,RH & FP, 39.18 
Netherlands,2008,MDG6, 68.46 
Netherlands,2008,HEALTH POLICY & ADMIN. MANAGEMENT, 28.50 
Netherlands,2008,Other Health Purposes, 160.74 
Netherlands,2008,RH & FP, 87.54 
Netherlands,2009,MDG6, 80.61 
Netherlands,2009,HEALTH POLICY & ADMIN. MANAGEMENT, 24.89 
Netherlands,2009,Other Health Purposes, 125.81 
Netherlands,2009,RH & FP, 113.61 
Netherlands,2010,MDG6, 57.80 
Netherlands,2010,HEALTH POLICY & ADMIN. MANAGEMENT, 32.81 
Netherlands,2010,Other Health Purposes, 119.27 
Netherlands,2010,RH & FP, 98.89 
Netherlands,2011,MDG6, 50.84 
Netherlands,2011,HEALTH POLICY & ADMIN. MANAGEMENT, 37.47 
Netherlands,2011,Other Health Purposes, 125.63 
Netherlands,2011,RH & FP, 77.05 
New Zealand,2002,MDG6, 1.03 
New Zealand,2002,HEALTH POLICY & ADMIN. MANAGEMENT, 1.02 
New Zealand,2002,Other Health Purposes, 4.03 
New Zealand,2002,RH & FP, 0.38 
New Zealand,2003,MDG6, 3.75 
New Zealand,2003,HEALTH POLICY & ADMIN. MANAGEMENT, 0.80 
New Zealand,2003,Other Health Purposes, 7.26 
New Zealand,2003,RH & FP, 0.29 
New Zealand,2004,MDG6, 1.05 
New Zealand,2004,HEALTH POLICY & ADMIN. MANAGEMENT, 2.01 
New Zealand,2004,Other Health Purposes, 7.26 
New Zealand,2004,RH & FP, 2.47 
New Zealand,2005,MDG6, 3.88 
New Zealand,2005,HEALTH POLICY & ADMIN. MANAGEMENT, 1.76 
New Zealand,2005,Other Health Purposes, 10.88 
New Zealand,2005,RH & FP, 2.33 
New Zealand,2006,MDG6, 7.36 
New Zealand,2006,HEALTH POLICY & ADMIN. MANAGEMENT, 4.68 
New Zealand,2006,Other Health Purposes, 8.00 
New Zealand,2006,RH & FP, 2.00 
New Zealand,2007,MDG6, 5.22 
New Zealand,2007,HEALTH POLICY & ADMIN. MANAGEMENT, 0.52 
New Zealand,2007,Other Health Purposes, 5.93 
New Zealand,2007,RH & FP, 1.35 
New Zealand,2008,MDG6, 4.18 
New Zealand,2008,HEALTH POLICY & ADMIN. MANAGEMENT, 2.99 
New Zealand,2008,Other Health Purposes, 12.27 
New Zealand,2008,RH & FP, 1.17 
New Zealand,2009,MDG6, 4.99 
New Zealand,2009,HEALTH POLICY & ADMIN. MANAGEMENT, 3.40 
New Zealand,2009,Other Health Purposes, 8.02 
New Zealand,2009,RH & FP, 4.45 
New Zealand,2010,MDG6, 3.85 
New Zealand,2010,HEALTH POLICY & ADMIN. MANAGEMENT, 7.63 
New Zealand,2010,Other Health Purposes, 11.89 
New Zealand,2010,RH & FP, 3.03 
New Zealand,2011,MDG6, 5.17 
New Zealand,2011,HEALTH POLICY & ADMIN. MANAGEMENT, 3.17 
New Zealand,2011,Other Health Purposes, 9.74 
New Zealand,2011,RH & FP, 5.75 
Norway,2001,MDG6, 28.20 
Norway,2001,HEALTH POLICY & ADMIN. MANAGEMENT, 11.01 
Norway,2001,Other Health Purposes, 30.92 
Norway,2001,RH & FP, 0.89 
Norway,2002,MDG6, 52.60 
Norway,2002,HEALTH POLICY & ADMIN. MANAGEMENT, 33.23 
Norway,2002,Other Health Purposes, 75.35 
Norway,2002,RH & FP, 3.28 
Norway,2003,MDG6, 43.09 
Norway,2003,HEALTH POLICY & ADMIN. MANAGEMENT, 30.93 
Norway,2003,Other Health Purposes, 49.37 
Norway,2003,RH & FP, 3.50 
Norway,2004,MDG6, 49.08 
Norway,2004,HEALTH POLICY & ADMIN. MANAGEMENT, 38.14 
Norway,2004,Other Health Purposes, 73.36 
Norway,2004,RH & FP, 11.17 
Norway,2005,MDG6, 59.63 
Norway,2005,HEALTH POLICY & ADMIN. MANAGEMENT, 110.60 
Norway,2005,Other Health Purposes, 81.33 
Norway,2005,RH & FP, 9.22 
Norway,2006,MDG6, 66.40 
Norway,2006,HEALTH POLICY & ADMIN. MANAGEMENT, 111.84 
Norway,2006,Other Health Purposes, 99.04 
Norway,2006,RH & FP, 10.27 
Norway,2007,MDG6, 99.78 
Norway,2007,HEALTH POLICY & ADMIN. MANAGEMENT, 34.05 
Norway,2007,Other Health Purposes, 84.37 
Norway,2007,RH & FP, 8.62 
Norway,2008,MDG6, 95.03 
Norway,2008,HEALTH POLICY & ADMIN. MANAGEMENT, 28.35 
Norway,2008,Other Health Purposes, 111.06 
Norway,2008,RH & FP, 5.85 
Norway,2009,MDG6, 119.26 
Norway,2009,HEALTH POLICY & ADMIN. MANAGEMENT, 27.78 
Norway,2009,Other Health Purposes, 123.84 
Norway,2009,RH & FP, 18.32 
Norway,2010,MDG6, 70.79 
Norway,2010,HEALTH POLICY & ADMIN. MANAGEMENT, 26.28 
Norway,2010,Other Health Purposes, 71.77 
Norway,2010,RH & FP, 28.95 
Norway,2011,MDG6, 54.23 
Norway,2011,HEALTH POLICY & ADMIN. MANAGEMENT, 30.84 
Norway,2011,Other Health Purposes, 70.09 
Norway,2011,RH & FP, 29.37 
OFID,2009,MDG6, 0.08 
OFID,2009,Other Health Purposes, 17.98 
OFID,2010,MDG6, 7.18 
OFID,2010,Other Health Purposes, 16.85 
OFID,2011,MDG6, 9.51 
OFID,2011,HEALTH POLICY & ADMIN. MANAGEMENT, 0.50 
OFID,2011,Other Health Purposes, 18.89 
OFID,2011,RH & FP, 0.11 
Portugal,2001,MDG6, 0.05 
Portugal,2001,HEALTH POLICY & ADMIN. MANAGEMENT, 2.68 
Portugal,2001,Other Health Purposes, 11.37 
Portugal,2002,HEALTH POLICY & ADMIN. MANAGEMENT, 3.45 
Portugal,2002,Other Health Purposes, 9.01 
Portugal,2003,MDG6, 0.00 
Portugal,2003,HEALTH POLICY & ADMIN. MANAGEMENT, 1.99 
Portugal,2003,Other Health Purposes, 8.85 
Portugal,2004,MDG6, 0.28 
Portugal,2004,HEALTH POLICY & ADMIN. MANAGEMENT, 2.82 
Portugal,2004,Other Health Purposes, 8.66 
Portugal,2004,RH & FP, 0.05 
Portugal,2005,MDG6, 0.15 
Portugal,2005,HEALTH POLICY & ADMIN. MANAGEMENT, 1.03 
Portugal,2005,Other Health Purposes, 10.56 
Portugal,2006,MDG6, 0.52 
Portugal,2006,HEALTH POLICY & ADMIN. MANAGEMENT, 0.26 
Portugal,2006,Other Health Purposes, 10.89 
Portugal,2007,MDG6, 0.31 
Portugal,2007,HEALTH POLICY & ADMIN. MANAGEMENT, 0.38 
Portugal,2007,Other Health Purposes, 10.45 
Portugal,2008,MDG6, 0.42 
Portugal,2008,HEALTH POLICY & ADMIN. MANAGEMENT, 0.76 
Portugal,2008,Other Health Purposes, 6.48 
Portugal,2008,RH & FP, 0.01 
Portugal,2009,MDG6, 0.26 
Portugal,2009,HEALTH POLICY & ADMIN. MANAGEMENT, 0.41 
Portugal,2009,Other Health Purposes, 8.17 
Portugal,2009,RH & FP, 0.12 
Portugal,2010,MDG6, 0.81 
Portugal,2010,HEALTH POLICY & ADMIN. MANAGEMENT, 0.38 
Portugal,2010,Other Health Purposes, 10.99 
Portugal,2010,RH & FP, 0.20 
Portugal,2011,MDG6, 0.38 
Portugal,2011,HEALTH POLICY & ADMIN. MANAGEMENT, 0.10 
Portugal,2011,Other Health Purposes, 15.39 
Portugal,2011,RH & FP, 0.48 
Republic of Korea,2006,MDG6, 2.27 
Republic of Korea,2006,HEALTH POLICY & ADMIN. MANAGEMENT, 2.20 
Republic of Korea,2006,Other Health Purposes, 33.13 
Republic of Korea,2006,RH & FP, 0.25 
Republic of Korea,2007,MDG6, 3.07 
Republic of Korea,2007,HEALTH POLICY & ADMIN. MANAGEMENT, 1.59 
Republic of Korea,2007,Other Health Purposes, 40.27 
Republic of Korea,2007,RH & FP, 1.16 
Republic of Korea,2008,MDG6, 4.44 
Republic of Korea,2008,HEALTH POLICY & ADMIN. MANAGEMENT, 9.23 
Republic of Korea,2008,Other Health Purposes, 46.61 
Republic of Korea,2008,RH & FP, 6.60 
Republic of Korea,2009,MDG6, 6.65 
Republic of Korea,2009,HEALTH POLICY & ADMIN. MANAGEMENT, 9.55 
Republic of Korea,2009,Other Health Purposes, 95.22 
Republic of Korea,2009,RH & FP, 2.73 
Republic of Korea,2010,MDG6, 9.66 
Republic of Korea,2010,HEALTH POLICY & ADMIN. MANAGEMENT, 9.00 
Republic of Korea,2010,Other Health Purposes, 119.28 
Republic of Korea,2010,RH & FP, 3.05 
Republic of Korea,2011,MDG6, 7.14 
Republic of Korea,2011,HEALTH POLICY & ADMIN. MANAGEMENT, 3.16 
Republic of Korea,2011,Other Health Purposes, 84.89 
Republic of Korea,2011,RH & FP, 1.68 
Spain,2001,MDG6, 11.42 
Spain,2001,HEALTH POLICY & ADMIN. MANAGEMENT, 5.32 
Spain,2001,Other Health Purposes, 148.63 
Spain,2001,RH & FP, 7.55 
Spain,2002,MDG6, 13.76 
Spain,2002,HEALTH POLICY & ADMIN. MANAGEMENT, 5.19 
Spain,2002,Other Health Purposes, 81.22 
Spain,2002,RH & FP, 7.78 
Spain,2003,MDG6, 16.10 
Spain,2003,HEALTH POLICY & ADMIN. MANAGEMENT, 7.54 
Spain,2003,Other Health Purposes, 95.78 
Spain,2003,RH & FP, 7.89 
Spain,2004,MDG6, 17.00 
Spain,2004,HEALTH POLICY & ADMIN. MANAGEMENT, 15.16 
Spain,2004,Other Health Purposes, 102.31 
Spain,2004,RH & FP, 7.67 
Spain,2005,MDG6, 29.49 
Spain,2005,HEALTH POLICY & ADMIN. MANAGEMENT, 10.74 
Spain,2005,Other Health Purposes, 117.38 
Spain,2005,RH & FP, 14.10 
Spain,2006,MDG6, 49.77 
Spain,2006,HEALTH POLICY & ADMIN. MANAGEMENT, 14.42 
Spain,2006,Other Health Purposes, 79.10 
Spain,2006,RH & FP, 20.38 
Spain,2007,MDG6, 34.41 
Spain,2007,HEALTH POLICY & ADMIN. MANAGEMENT, 21.74 
Spain,2007,Other Health Purposes, 151.64 
Spain,2007,RH & FP, 26.90 
Spain,2008,MDG6, 44.39 
Spain,2008,HEALTH POLICY & ADMIN. MANAGEMENT, 65.03 
Spain,2008,Other Health Purposes, 198.72 
Spain,2008,RH & FP, 56.94 
Spain,2009,MDG6, 42.91 
Spain,2009,HEALTH POLICY & ADMIN. MANAGEMENT, 91.71 
Spain,2009,Other Health Purposes, 126.57 
Spain,2009,RH & FP, 59.71 
Spain,2010,MDG6, 21.31 
Spain,2010,HEALTH POLICY & ADMIN. MANAGEMENT, 57.29 
Spain,2010,Other Health Purposes, 119.44 
Spain,2010,RH & FP, 51.45 
Spain,2011,MDG6, 13.55 
Spain,2011,HEALTH POLICY & ADMIN. MANAGEMENT, 59.92 
Spain,2011,Other Health Purposes, 67.97 
Spain,2011,RH & FP, 14.99 
Sweden,2001,MDG6, 18.38 
Sweden,2001,HEALTH POLICY & ADMIN. MANAGEMENT, 41.92 
Sweden,2001,Other Health Purposes, 42.94 
Sweden,2001,RH & FP, 32.45 
Sweden,2002,MDG6, 32.07 
Sweden,2002,HEALTH POLICY & ADMIN. MANAGEMENT, 33.46 
Sweden,2002,Other Health Purposes, 33.01 
Sweden,2002,RH & FP, 14.07 
Sweden,2003,MDG6, 39.06 
Sweden,2003,HEALTH POLICY & ADMIN. MANAGEMENT, 32.19 
Sweden,2003,Other Health Purposes, 39.07 
Sweden,2003,RH & FP, 12.58 
Sweden,2004,MDG6, 52.43 
Sweden,2004,HEALTH POLICY & ADMIN. MANAGEMENT, 34.54 
Sweden,2004,Other Health Purposes, 58.09 
Sweden,2004,RH & FP, 27.49 
Sweden,2005,MDG6, 61.60 
Sweden,2005,HEALTH POLICY & ADMIN. MANAGEMENT, 49.98 
Sweden,2005,Other Health Purposes, 70.56 
Sweden,2005,RH & FP, 39.39 
Sweden,2006,MDG6, 99.77 
Sweden,2006,HEALTH POLICY & ADMIN. MANAGEMENT, 35.72 
Sweden,2006,Other Health Purposes, 112.23 
Sweden,2006,RH & FP, 32.90 
Sweden,2007,MDG6, 95.82 
Sweden,2007,HEALTH POLICY & ADMIN. MANAGEMENT, 32.36 
Sweden,2007,Other Health Purposes, 126.04 
Sweden,2007,RH & FP, 31.33 
Sweden,2008,MDG6, 73.76 
Sweden,2008,HEALTH POLICY & ADMIN. MANAGEMENT, 20.16 
Sweden,2008,Other Health Purposes, 117.79 
Sweden,2008,RH & FP, 28.43 
Sweden,2009,MDG6, 76.55 
Sweden,2009,HEALTH POLICY & ADMIN. MANAGEMENT, 24.67 
Sweden,2009,Other Health Purposes, 98.63 
Sweden,2009,RH & FP, 28.64 
Sweden,2010,MDG6, 79.32 
Sweden,2010,HEALTH POLICY & ADMIN. MANAGEMENT, 12.95 
Sweden,2010,Other Health Purposes, 69.02 
Sweden,2010,RH & FP, 34.34 
Sweden,2011,MDG6, 52.72 
Sweden,2011,HEALTH POLICY & ADMIN. MANAGEMENT, 9.49 
Sweden,2011,Other Health Purposes, 83.76 
Sweden,2011,RH & FP, 23.31 
Switzerland,2001,MDG6, -   
Switzerland,2001,HEALTH POLICY & ADMIN. MANAGEMENT, -   
Switzerland,2001,Other Health Purposes, -   
Switzerland,2001,RH & FP, -   
Switzerland,2002,MDG6, 2.61 
Switzerland,2002,HEALTH POLICY & ADMIN. MANAGEMENT, 3.99 
Switzerland,2002,Other Health Purposes, 46.30 
Switzerland,2002,RH & FP, 1.42 
Switzerland,2003,MDG6, 1.60 
Switzerland,2003,HEALTH POLICY & ADMIN. MANAGEMENT, 6.46 
Switzerland,2003,Other Health Purposes, 44.73 
Switzerland,2003,RH & FP, 1.18 
Switzerland,2004,MDG6, 4.79 
Switzerland,2004,HEALTH POLICY & ADMIN. MANAGEMENT, 6.96 
Switzerland,2004,Other Health Purposes, 41.39 
Switzerland,2004,RH & FP, 1.12 
Switzerland,2005,MDG6, 5.52 
Switzerland,2005,HEALTH POLICY & ADMIN. MANAGEMENT, 27.98 
Switzerland,2005,Other Health Purposes, 26.09 
Switzerland,2006,MDG6, 3.17 
Switzerland,2006,HEALTH POLICY & ADMIN. MANAGEMENT, 26.62 
Switzerland,2006,Other Health Purposes, 25.25 
Switzerland,2007,MDG6, 3.15 
Switzerland,2007,HEALTH POLICY & ADMIN. MANAGEMENT, 22.96 
Switzerland,2007,Other Health Purposes, 25.54 
Switzerland,2008,MDG6, 3.37 
Switzerland,2008,HEALTH POLICY & ADMIN. MANAGEMENT, 24.06 
Switzerland,2008,Other Health Purposes, 32.44 
Switzerland,2008,RH & FP, 0.09 
Switzerland,2009,MDG6, 3.83 
Switzerland,2009,HEALTH POLICY & ADMIN. MANAGEMENT, 24.28 
Switzerland,2009,Other Health Purposes, 38.91 
Switzerland,2009,RH & FP, 1.47 
Switzerland,2010,MDG6, 6.64 
Switzerland,2010,HEALTH POLICY & ADMIN. MANAGEMENT, 17.16 
Switzerland,2010,Other Health Purposes, 26.87 
Switzerland,2010,RH & FP, 6.78 
Switzerland,2011,MDG6, 7.45 
Switzerland,2011,HEALTH POLICY & ADMIN. MANAGEMENT, 16.11 
Switzerland,2011,Other Health Purposes, 33.24 
Switzerland,2011,RH & FP, 9.88 
"The Global Fund to Fight AIDS, Tuberculosis and Malaria",2003,MDG6, 276.01 
"The Global Fund to Fight AIDS, Tuberculosis and Malaria",2004,MDG6, 682.27 
"The Global Fund to Fight AIDS, Tuberculosis and Malaria",2004,Other Health Purposes, 1.98 
"The Global Fund to Fight AIDS, Tuberculosis and Malaria",2005,MDG6," 1,137.33 "
"The Global Fund to Fight AIDS, Tuberculosis and Malaria",2005,Other Health Purposes, 9.90 
"The Global Fund to Fight AIDS, Tuberculosis and Malaria",2006,MDG6," 1,387.39 "
"The Global Fund to Fight AIDS, Tuberculosis and Malaria",2006,Other Health Purposes, 8.30 
"The Global Fund to Fight AIDS, Tuberculosis and Malaria",2007,MDG6," 1,672.77 "
"The Global Fund to Fight AIDS, Tuberculosis and Malaria",2007,Other Health Purposes, 3.80 
"The Global Fund to Fight AIDS, Tuberculosis and Malaria",2008,MDG6," 2,100.41 "
"The Global Fund to Fight AIDS, Tuberculosis and Malaria",2008,Other Health Purposes, 27.96 
"The Global Fund to Fight AIDS, Tuberculosis and Malaria",2009,MDG6," 2,304.35 "
"The Global Fund to Fight AIDS, Tuberculosis and Malaria",2009,Other Health Purposes, 54.19 
"The Global Fund to Fight AIDS, Tuberculosis and Malaria",2010,MDG6," 3,023.61 "
"The Global Fund to Fight AIDS, Tuberculosis and Malaria",2010,Other Health Purposes, 7.09 
"The Global Fund to Fight AIDS, Tuberculosis and Malaria",2011,MDG6," 2,458.77 "
"The Global Fund to Fight AIDS, Tuberculosis and Malaria",2011,Other Health Purposes, 20.12 
UNAIDS,2001,MDG6, 129.75 
UNAIDS,2002,MDG6, 92.60 
UNAIDS,2003,MDG6, 162.20 
UNAIDS,2004,MDG6, 159.11 
UNAIDS,2005,MDG6, 139.74 
UNAIDS,2006,MDG6, 200.15 
UNAIDS,2007,MDG6, 133.42 
UNAIDS,2008,MDG6, 138.00 
UNAIDS,2009,MDG6, 176.37 
UNAIDS,2010,MDG6, 163.33 
UNAIDS,2011,MDG6, 169.34 
UNDP,2004,MDG6, 16.94 
UNDP,2004,HEALTH POLICY & ADMIN. MANAGEMENT, 0.74 
UNDP,2004,Other Health Purposes, 0.66 
UNDP,2005,MDG6, 20.11 
UNDP,2005,HEALTH POLICY & ADMIN. MANAGEMENT, 0.22 
UNDP,2005,Other Health Purposes, 0.45 
UNDP,2005,RH & FP, 0.04 
UNDP,2006,MDG6, 22.46 
UNDP,2006,HEALTH POLICY & ADMIN. MANAGEMENT, 0.58 
UNDP,2006,Other Health Purposes, 0.47 
UNDP,2006,RH & FP, 0.02 
UNDP,2007,MDG6, 14.52 
UNDP,2007,HEALTH POLICY & ADMIN. MANAGEMENT, 0.29 
UNDP,2007,Other Health Purposes, 0.27 
UNDP,2007,RH & FP, 0.00 
UNDP,2008,MDG6, 13.48 
UNDP,2008,HEALTH POLICY & ADMIN. MANAGEMENT, 1.06 
UNDP,2008,Other Health Purposes, 0.97 
UNDP,2009,MDG6, 18.93 
UNDP,2009,HEALTH POLICY & ADMIN. MANAGEMENT, 0.57 
UNDP,2009,Other Health Purposes, 10.16 
UNDP,2010,MDG6, 15.33 
UNDP,2010,HEALTH POLICY & ADMIN. MANAGEMENT, 0.10 
UNDP,2010,Other Health Purposes, 6.36 
UNDP,2010,RH & FP, 0.03 
UNDP,2011,MDG6, 11.60 
UNDP,2011,HEALTH POLICY & ADMIN. MANAGEMENT, 0.30 
UNDP,2011,Other Health Purposes, 1.96 
UNDP,2011,RH & FP, 0.07 
UNECE,2008,HEALTH POLICY & ADMIN. MANAGEMENT, 0.31 
UNECE,2009,HEALTH POLICY & ADMIN. MANAGEMENT, 0.18 
UNECE,2010,HEALTH POLICY & ADMIN. MANAGEMENT, 0.11 
UNECE,2011,HEALTH POLICY & ADMIN. MANAGEMENT, 0.00 
UNFPA,2001,MDG6, 3.66 
UNFPA,2001,HEALTH POLICY & ADMIN. MANAGEMENT, 39.13 
UNFPA,2001,RH & FP, 263.38 
UNFPA,2002,MDG6, 8.12 
UNFPA,2002,HEALTH POLICY & ADMIN. MANAGEMENT, 87.37 
UNFPA,2002,RH & FP, 283.67 
UNFPA,2003,MDG6, 21.72 
UNFPA,2003,HEALTH POLICY & ADMIN. MANAGEMENT, 150.72 
UNFPA,2003,RH & FP, 290.95 
UNFPA,2004,MDG6, 6.18 
UNFPA,2004,HEALTH POLICY & ADMIN. MANAGEMENT, 88.21 
UNFPA,2004,RH & FP, 136.08 
UNFPA,2005,MDG6, 7.61 
UNFPA,2005,HEALTH POLICY & ADMIN. MANAGEMENT, 92.08 
UNFPA,2005,RH & FP, 133.29 
UNFPA,2006,MDG6, 8.48 
UNFPA,2006,HEALTH POLICY & ADMIN. MANAGEMENT, 100.08 
UNFPA,2006,RH & FP, 129.16 
UNFPA,2007,MDG6, 9.74 
UNFPA,2007,HEALTH POLICY & ADMIN. MANAGEMENT, 92.48 
UNFPA,2007,RH & FP, 121.45 
UNFPA,2008,MDG6, 15.14 
UNFPA,2008,HEALTH POLICY & ADMIN. MANAGEMENT, 118.26 
UNFPA,2008,RH & FP, 135.86 
UNFPA,2009,MDG6, 16.44 
UNFPA,2009,HEALTH POLICY & ADMIN. MANAGEMENT, 179.48 
UNFPA,2009,RH & FP, 155.42 
UNFPA,2010,MDG6, 15.76 
UNFPA,2010,HEALTH POLICY & ADMIN. MANAGEMENT, 151.99 
UNFPA,2010,RH & FP, 147.48 
UNFPA,2011,MDG6, 8.71 
UNFPA,2011,HEALTH POLICY & ADMIN. MANAGEMENT, 117.80 
UNFPA,2011,RH & FP, 168.82 
UNICEF,2001,MDG6, 32.99 
UNICEF,2001,HEALTH POLICY & ADMIN. MANAGEMENT, 40.79 
UNICEF,2001,Other Health Purposes, 126.67 
UNICEF,2001,RH & FP, 10.46 
UNICEF,2002,MDG6, 23.28 
UNICEF,2002,HEALTH POLICY & ADMIN. MANAGEMENT, 28.43 
UNICEF,2002,Other Health Purposes, 118.92 
UNICEF,2002,RH & FP, 13.14 
UNICEF,2003,MDG6, 25.36 
UNICEF,2003,HEALTH POLICY & ADMIN. MANAGEMENT, 28.63 
UNICEF,2003,Other Health Purposes, 103.97 
UNICEF,2003,RH & FP, 12.99 
UNICEF,2004,MDG6, 22.24 
UNICEF,2004,HEALTH POLICY & ADMIN. MANAGEMENT, 28.31 
UNICEF,2004,Other Health Purposes, 105.54 
UNICEF,2004,RH & FP, 13.06 
UNICEF,2005,MDG6, 29.08 
UNICEF,2005,HEALTH POLICY & ADMIN. MANAGEMENT, 32.95 
UNICEF,2005,Other Health Purposes, 122.20 
UNICEF,2005,RH & FP, 17.11 
UNICEF,2006,MDG6, 76.34 
UNICEF,2006,HEALTH POLICY & ADMIN. MANAGEMENT, 3.37 
UNICEF,2006,Other Health Purposes, 58.43 
UNICEF,2006,RH & FP, 17.55 
UNICEF,2007,MDG6, 97.38 
UNICEF,2007,HEALTH POLICY & ADMIN. MANAGEMENT, 3.55 
UNICEF,2007,Other Health Purposes, 29.11 
UNICEF,2007,RH & FP, 18.63 
UNICEF,2008,MDG6, 80.93 
UNICEF,2008,HEALTH POLICY & ADMIN. MANAGEMENT, 3.89 
UNICEF,2008,Other Health Purposes, 32.64 
UNICEF,2008,RH & FP, 13.67 
UNICEF,2009,MDG6, 38.75 
UNICEF,2009,HEALTH POLICY & ADMIN. MANAGEMENT, 6.89 
UNICEF,2009,Other Health Purposes, 127.64 
UNICEF,2009,RH & FP, 12.02 
UNICEF,2010,MDG6, 34.58 
UNICEF,2010,HEALTH POLICY & ADMIN. MANAGEMENT, 6.85 
UNICEF,2010,Other Health Purposes, 125.28 
UNICEF,2010,RH & FP, 17.09 
UNICEF,2011,MDG6, 42.05 
UNICEF,2011,HEALTH POLICY & ADMIN. MANAGEMENT, 9.07 
UNICEF,2011,Other Health Purposes, 133.45 
UNICEF,2011,RH & FP, 17.07 
United Arab Emirates,2009,MDG6, 1.19 
United Arab Emirates,2009,Other Health Purposes, 102.49 
United Arab Emirates,2010,MDG6, 7.44 
United Arab Emirates,2010,HEALTH POLICY & ADMIN. MANAGEMENT, 0.23 
United Arab Emirates,2010,Other Health Purposes, 33.58 
United Arab Emirates,2011,MDG6, 13.66 
United Arab Emirates,2011,HEALTH POLICY & ADMIN. MANAGEMENT, 0.62 
United Arab Emirates,2011,Other Health Purposes, 32.83 
United Arab Emirates,2011,RH & FP, 0.65 
United Kingdom,2001,MDG6, 79.98 
United Kingdom,2001,HEALTH POLICY & ADMIN. MANAGEMENT, 84.32 
United Kingdom,2001,Other Health Purposes, 54.46 
United Kingdom,2001,RH & FP, 62.65 
United Kingdom,2002,MDG6, 186.52 
United Kingdom,2002,HEALTH POLICY & ADMIN. MANAGEMENT, 95.64 
United Kingdom,2002,Other Health Purposes, 176.65 
United Kingdom,2002,RH & FP, 65.85 
United Kingdom,2003,MDG6, 178.90 
United Kingdom,2003,HEALTH POLICY & ADMIN. MANAGEMENT, 111.51 
United Kingdom,2003,Other Health Purposes, 64.23 
United Kingdom,2003,RH & FP, 71.23 
United Kingdom,2004,MDG6, 219.24 
United Kingdom,2004,HEALTH POLICY & ADMIN. MANAGEMENT, 108.09 
United Kingdom,2004,Other Health Purposes, 64.00 
United Kingdom,2004,RH & FP, 53.19 
United Kingdom,2005,MDG6, 361.58 
United Kingdom,2005,HEALTH POLICY & ADMIN. MANAGEMENT, 139.00 
United Kingdom,2005,Other Health Purposes, 52.30 
United Kingdom,2005,RH & FP, 73.83 
United Kingdom,2006,MDG6, 486.92 
United Kingdom,2006,HEALTH POLICY & ADMIN. MANAGEMENT, 172.81 
United Kingdom,2006,Other Health Purposes, 100.32 
United Kingdom,2006,RH & FP, 53.88 
United Kingdom,2007,MDG6, 459.25 
United Kingdom,2007,HEALTH POLICY & ADMIN. MANAGEMENT, 218.54 
United Kingdom,2007,Other Health Purposes, 169.22 
United Kingdom,2007,RH & FP, 67.66 
United Kingdom,2008,MDG6, 397.91 
United Kingdom,2008,HEALTH POLICY & ADMIN. MANAGEMENT, 222.50 
United Kingdom,2008,Other Health Purposes, 106.39 
United Kingdom,2008,RH & FP, 168.10 
United Kingdom,2009,MDG6, 636.20 
United Kingdom,2009,HEALTH POLICY & ADMIN. MANAGEMENT, 189.48 
United Kingdom,2009,Other Health Purposes, 151.45 
United Kingdom,2009,RH & FP, 129.56 
United Kingdom,2010,MDG6, 571.26 
United Kingdom,2010,HEALTH POLICY & ADMIN. MANAGEMENT, 197.18 
United Kingdom,2010,Other Health Purposes, 230.89 
United Kingdom,2010,RH & FP, 214.34 
United Kingdom,2011,MDG6, 654.83 
United Kingdom,2011,HEALTH POLICY & ADMIN. MANAGEMENT, 106.33 
United Kingdom,2011,Other Health Purposes, 369.01 
United Kingdom,2011,RH & FP, 302.88 
United States of America,2001,MDG6, -   
United States of America,2001,HEALTH POLICY & ADMIN. MANAGEMENT, -   
United States of America,2001,Other Health Purposes, -   
United States of America,2001,RH & FP, -   
United States of America,2002,MDG6, 897.26 
United States of America,2002,HEALTH POLICY & ADMIN. MANAGEMENT, 213.64 
United States of America,2002,Other Health Purposes, 395.43 
United States of America,2002,RH & FP, 177.40 
United States of America,2003,MDG6," 1,200.20 "
United States of America,2003,HEALTH POLICY & ADMIN. MANAGEMENT, 382.30 
United States of America,2003,Other Health Purposes, 512.75 
United States of America,2003,RH & FP, 250.89 
United States of America,2004,MDG6," 1,332.62 "
United States of America,2004,HEALTH POLICY & ADMIN. MANAGEMENT, 544.28 
United States of America,2004,Other Health Purposes, 388.57 
United States of America,2004,RH & FP, 89.42 
United States of America,2005,MDG6," 2,002.49 "
United States of America,2005,HEALTH POLICY & ADMIN. MANAGEMENT, 268.49 
United States of America,2005,Other Health Purposes, 899.69 
United States of America,2005,RH & FP, 256.58 
United States of America,2006,MDG6," 2,579.00 "
United States of America,2006,HEALTH POLICY & ADMIN. MANAGEMENT, 263.70 
United States of America,2006,Other Health Purposes, 767.01 
United States of America,2006,RH & FP, 242.73 
United States of America,2007,MDG6," 3,222.19 "
United States of America,2007,HEALTH POLICY & ADMIN. MANAGEMENT, 237.86 
United States of America,2007,Other Health Purposes, 630.04 
United States of America,2007,RH & FP, 315.67 
United States of America,2008,MDG6," 4,415.10 "
United States of America,2008,HEALTH POLICY & ADMIN. MANAGEMENT, 116.00 
United States of America,2008,Other Health Purposes, 355.47 
United States of America,2008,RH & FP, 551.27 
United States of America,2009,MDG6," 5,002.24 "
United States of America,2009,HEALTH POLICY & ADMIN. MANAGEMENT, 60.83 
United States of America,2009,Other Health Purposes, 208.04 
United States of America,2009,RH & FP, 878.67 
United States of America,2010,MDG6," 5,295.10 "
United States of America,2010,HEALTH POLICY & ADMIN. MANAGEMENT, 28.76 
United States of America,2010,Other Health Purposes, 155.98 
United States of America,2010,RH & FP, 895.01 
United States of America,2011,MDG6," 5,689.01 "
United States of America,2011,HEALTH POLICY & ADMIN. MANAGEMENT, 201.19 
United States of America,2011,Other Health Purposes, 196.16 
United States of America,2011,RH & FP, 924.79 
UNPBF,2009,Other Health Purposes, 0.38 
UNPBF,2010,Other Health Purposes, 0.51 
UNPBF,2011,HEALTH POLICY & ADMIN. MANAGEMENT, -   
UNRWA,2005,Other Health Purposes, 73.38 
UNRWA,2006,Other Health Purposes, 77.78 
UNRWA,2007,Other Health Purposes, 81.89 
UNRWA,2008,Other Health Purposes, 83.33 
UNRWA,2009,Other Health Purposes, 88.33 
UNRWA,2010,Other Health Purposes, 98.47 
UNRWA,2011,Other Health Purposes, 95.28 
WFP,2009,MDG6, 10.69 
WFP,2009,Other Health Purposes, 29.98 
WFP,2010,MDG6, 6.40 
WFP,2010,Other Health Purposes, 28.23 
WFP,2011,MDG6, 3.06 
WFP,2011,Other Health Purposes, 10.26 
WHO,2009,MDG6, 92.77 
WHO,2009,HEALTH POLICY & ADMIN. MANAGEMENT, 197.69 
WHO,2009,Other Health Purposes, 111.82 
WHO,2009,RH & FP, 20.09 
WHO,2010,MDG6, 63.64 
WHO,2010,HEALTH POLICY & ADMIN. MANAGEMENT, 175.74 
WHO,2010,Other Health Purposes, 100.08 
WHO,2010,RH & FP, 18.03 
WHO,2011,MDG6, 90.99 
WHO,2011,HEALTH POLICY & ADMIN. MANAGEMENT, 181.92 
WHO,2011,Other Health Purposes, 112.54 
WHO,2011,RH & FP, 23.95 
Grand Total,,," 130,766.04 "
